Profile Name,Title Name,Country,Utc Title Add Date
Juan,Troy,Indonesia,2021-07-28
Juan,Braveheart,Indonesia,2021-07-28
Juan,Trial By Media,Indonesia,2021-07-27
Juan,Beyond Evil,Indonesia,2021-07-26
Juan,Nancy Drew and the Hidden Staircase,Indonesia,2021-07-26
Juan,The Good Detective,Indonesia,2021-07-25
Juan,Possessed,Indonesia,2021-07-25
Juan,The Interpreter,Indonesia,2021-07-25
Juan,Sherlock,Indonesia,2021-07-25
Juan,The Dark Tower,Indonesia,2021-07-25
Juan,Sweet Tooth,Indonesia,2021-07-22
Juan,Chernobyl 1986,Indonesia,2021-07-22
Juan,The Shawshank Redemption,Indonesia,2021-07-16
Juan,The Life of David Gale,Indonesia,2021-07-16
Juan,Sex/Life,Indonesia,2021-06-26
Juan,Wanted,Indonesia,2021-06-06
Juan,Shutter Island,Indonesia,2021-06-06
Juan,Black Holes | The Edge of All We Know,Indonesia,2021-06-06
Juan,Christiane Amanpour: Sex & Love Around the World,Indonesia,2021-06-06
Juan,The Pursuit of Happyness,Indonesia,2021-06-06
Juan,Shazam!,Indonesia,2021-06-06
Juan,Searching for Bobby Fischer,Indonesia,2021-06-06
Juan,Liar Liar,Indonesia,2021-06-06
Juan,The Last Days,Indonesia,2021-05-30
Juan,Tell Me Who I Am,Indonesia,2021-05-30
Juan,Sweet Home,Indonesia,2021-05-22
Juan,Seaspiracy,Indonesia,2021-05-22
Juan,Yasuke,Indonesia,2021-05-22
Juan,Jupiter's Legacy,Indonesia,2021-05-22
Juan,Night in Paradise,Indonesia,2021-05-15
Juan,Sexify,Indonesia,2021-05-15
Juan,Shadow and Bone,Indonesia,2021-05-09
Juan,HOMUNCULUS,Indonesia,2021-04-24
Juan,Law School,Indonesia,2021-04-24
Juan,Daniel Sloss: Live Shows,Indonesia,2021-04-16
Juan,The Way of the Househusband,Indonesia,2021-04-09
Juan,Tale of the Nine Tailed,Indonesia,2021-04-02
Juan,Darwin’s Game,Indonesia,2021-03-28
Juan,The New Legends of Monkey,Indonesia,2021-03-26
Juan,"Mary, Queen of Scots",Indonesia,2021-03-18
Juan,American Beauty,Indonesia,2021-03-18
Juan,Welcome to Marwen,Indonesia,2021-03-18
Juan,Nate Bargatze: The Greatest Average American,Indonesia,2021-03-18
Juan,The Lost Pirate Kingdom,Indonesia,2021-03-17
Juan,The One,Indonesia,2021-03-14
Juan,The Man from U.N.C.L.E.,Indonesia,2021-03-13
Juan,Police Academy,Indonesia,2021-03-06
Juan,In the Heart of the Sea,Indonesia,2021-03-06
Juan,The Garden of Words,Indonesia,2021-03-06
Juan,Murder Among the Mormons,Indonesia,2021-03-06
Juan,Doctor John,Indonesia,2021-03-06
Juan,Behind Her Eyes,Indonesia,2021-03-06
Juan,"Hello, Me!",Indonesia,2021-03-06
Juan,High-Rise Invasion,Indonesia,2021-03-06
Juan,Sherlock Holmes: A Game of Shadows,Indonesia,2021-03-06
Juan,Strangers From Hell,Indonesia,2021-03-06
Juan,Prison Playbook,Indonesia,2021-03-06
Juan,5 Centimeters Per Second,Indonesia,2021-03-06
Juan,Fractured,Indonesia,2021-03-06
Juan,Sightless,Indonesia,2021-03-06
Juan,Black Mirror: Bandersnatch,Indonesia,2021-03-06
Juan,The Devil's Advocate,Indonesia,2021-03-06
Juan,Charlie and the Chocolate Factory,Indonesia,2021-03-06
Juan,Age of Samurai: Battle for Japan,Indonesia,2021-03-01
Juan,Vincenzo,Indonesia,2021-02-21
Juan,I Care a Lot,Indonesia,2021-02-20
Juan,Aquaman,Indonesia,2021-02-20
Juan,Sisyphus,Indonesia,2021-02-20
Juan,Secrets of the Saqqara Tomb,Indonesia,2021-02-20
Juan,Designated Survivor: 60 Days,Indonesia,2021-02-16
Juan,To All The Boys: Always And Forever,Indonesia,2021-02-13
Juan,Partners for Justice,Indonesia,2021-02-13
Juan,Crime Scene: The Vanishing at the Cecil Hotel,Indonesia,2021-02-11
Juan,18 Again,Indonesia,2021-02-07
Juan,Amazing Hotels: Life Beyond the Lobby,Indonesia,2021-02-06
Juan,Partners for Justice,Indonesia,2021-02-06
Juan,The Fiery Priest,Indonesia,2021-02-06
Juan,My Girlfriend Is a Gumiho,Indonesia,2021-02-06
Juan,Misty,Indonesia,2021-02-06
Juan,The Two Popes,Indonesia,2021-02-06
Juan,I Hear Your Voice,Indonesia,2021-02-06
Juan,Dirty Money,Indonesia,2021-02-06
Juan,Space Sweepers,Indonesia,2021-02-05
Juan,June & Kopi,Indonesia,2021-01-31
Juan,Roommate,Indonesia,2021-01-26
Juan,Spycraft,Indonesia,2021-01-23
Juan,Fate: The Winx Saga,Indonesia,2021-01-23
Juan,Blue Exorcist,Indonesia,2021-01-19
Juan,Love (ft. Marriage and Divorce),Indonesia,2021-01-18
Juan,Psycho-Pass,Indonesia,2021-01-17
Juan,"Bring It On, Ghost",Indonesia,2021-01-17
Juan,Emergency Interrogation Room,Indonesia,2021-01-17
Juan,Black Clover,Indonesia,2021-01-17
Juan,Baby Driver,Indonesia,2021-01-17
Juan,One-Punch Man,Indonesia,2021-01-17
Juan,Hozuki's Coolheadedness,Indonesia,2021-01-17
Juan,Secret Garden,Indonesia,2021-01-17
Juan,Night Stalker: The Hunt for a Serial Killer,Indonesia,2021-01-17
Juan,Fantastic Beasts: The Crimes of Grindelwald,Indonesia,2021-01-17
Juan,Disenchantment,Indonesia,2021-01-17
Juan,JoJo's Bizarre Adventure,Indonesia,2021-01-17
Juan,B: The Beginning,Indonesia,2021-01-15
Juan,Chocolate,Indonesia,2021-01-13
Juan,Erased,Indonesia,2021-01-13
Juan,What Would Sophia Loren Do?,Indonesia,2021-01-13
Juan,The Disastrous Life of Saiki K.,Indonesia,2021-01-08
Juan,Lupin,Indonesia,2021-01-08
Juan,Pieces of a Woman,Indonesia,2021-01-08
Juan,Kakegurui,Indonesia,2021-01-06
Juan,Spider-Man: Homecoming,Indonesia,2021-01-06
Juan,History of Swear Words,Indonesia,2021-01-05
Juan,Mob Psycho 100,Indonesia,2021-01-01
Juan,The Keepers,Indonesia,2021-01-01
Juan,Man on a Ledge,Indonesia,2021-01-01
Juan,Find Me in Your Memory,Indonesia,2021-01-01
Juan,Inside Man,Indonesia,2021-01-01
Juan,The Staircase,Indonesia,2021-01-01
Juan,Death to 2020,Indonesia,2020-12-31
Juan,Bad Genius,Indonesia,2020-12-25
Juan,Unfriended: Dark Web,Indonesia,2020-12-25
Juan,The Outsider,Indonesia,2020-12-25
Juan,How Not to Summon a Demon Lord,Indonesia,2020-12-25
Juan,Sausage Party,Indonesia,2020-12-25
Juan,Persona,Indonesia,2020-12-25
Juan,"Love, Death & Robots",Indonesia,2020-12-25
Juan,Twilight,Indonesia,2020-12-25
Juan,The Midnight Sky,Indonesia,2020-12-23
Juan,Assassination Classroom,Indonesia,2020-12-20
Juan,Run On,Indonesia,2020-12-18
Juan,Tower of God,Indonesia,2020-12-13
Juan,The Guest,Indonesia,2020-12-13
Juan,The Surgeon's Cut,Indonesia,2020-12-13
Juan,Alice in Borderland,Indonesia,2020-12-13
Juan,The Uncanny Counter,Indonesia,2020-12-09
Juan,A Star Is Born,Indonesia,2020-12-03
Juan,If Anything Happens I Love You,Indonesia,2020-11-28
Juan,Cuddle Weather,Indonesia,2020-11-28
Juan,High Society,Indonesia,2020-11-28
Juan,Over Christmas,Indonesia,2020-11-28
Juan,Notes for My Son,Indonesia,2020-11-28
Juan,The Call,Indonesia,2020-11-28
Juan,The Millionaire Detective - Balance: UNLIMITED,Indonesia,2020-11-24
Juan,The Thieves,Indonesia,2020-11-06
Juan,Borat,Indonesia,2020-11-04
Juan,17 Again,Indonesia,2020-11-04
Juan,Milly & Mamet,Indonesia,2020-11-04
Juan,Holidate,Indonesia,2020-10-29
Juan,Blood of Zeus,Indonesia,2020-10-27
Juan,My Absolute Boyfriend,Indonesia,2020-10-17
Juan,While You Were Sleeping,Indonesia,2020-10-15
Juan,Uncontrollably Fond,Indonesia,2020-10-15
Juan,The Haunting of Hill House,Indonesia,2020-10-15
Juan,Live,Indonesia,2020-10-15
Juan,BLACKPINK: Light Up the Sky,Indonesia,2020-10-15
Juan,What's Wrong with Secretary Kim,Indonesia,2020-10-15
Juan,Tiny Times 2,Indonesia,2020-10-15
Juan,The Last Thing He Wanted,Indonesia,2020-10-15
Juan,The Irishman: In Conversation,Indonesia,2020-10-15
Juan,The Lies Within,Indonesia,2020-10-15
Juan,Descendants of the Sun,Indonesia,2020-10-15
Juan,Hillbilly Elegy,Indonesia,2020-10-15
Juan,Private Lives,Indonesia,2020-10-15
Juan,How I Met Your Mother,Indonesia,2020-10-15
Juan,Fight for My Way,Indonesia,2020-10-15
Juan,Full House,Indonesia,2020-10-15
Juan,Michael Jackson's This Is It,Indonesia,2020-10-15
Juan,Tiny Times,Indonesia,2020-10-15
Juan,Beauty Inside,Indonesia,2020-10-15
Juan,Emily in Paris,Indonesia,2020-10-15
Juan,Love in the Moonlight,Indonesia,2020-10-15
Juan,Signal,Indonesia,2020-10-15
Juan,My Love from the Star,Indonesia,2020-10-15
Juan,He is psychometric,Indonesia,2020-10-15
Juan,The Haunting of Bly Manor,Indonesia,2020-10-11
Juan,Girl from Nowhere,Indonesia,2020-10-06
Juan,The Hater,Indonesia,2020-10-05
Juan,Click,Indonesia,2020-10-05
Juan,The Occupant,Indonesia,2020-10-05
Juan,Lost Girls,Indonesia,2020-10-05
Juan,Solo,Indonesia,2020-10-05
Juan,American Murder: The Family Next Door,Indonesia,2020-10-05
Juan,The Invisible Guest,Indonesia,2020-10-05
Juan,Never Have I Ever,Indonesia,2020-10-04
Juan,Control Z,Indonesia,2020-10-04
Juan,Johnny English Strikes Again,Indonesia,2020-10-04
Juan,13 Reasons Why,Indonesia,2020-10-04
Juan,The Platform,Indonesia,2020-10-02
Juan,Lady Bird,Indonesia,2020-10-02
Juan,The Knight Before Christmas,Indonesia,2020-10-01
Juan,A Perfect Crime,Indonesia,2020-09-30
Juan,Sneakerheads,Indonesia,2020-09-29
Juan,The Queen's Gambit,Indonesia,2020-09-24
Juan,The Last Samurai,Indonesia,2020-09-23
Juan,Robin Hood,Indonesia,2020-09-23
Juan,Hancock,Indonesia,2020-09-23
Juan,Johnny English,Indonesia,2020-09-23
Juan,Deadpool,Indonesia,2020-09-23
Juan,John Was Trying to Contact Aliens,Indonesia,2020-09-23
Juan,The Social Dilemma,Indonesia,2020-09-23
Juan,Playing Hard,Indonesia,2020-09-23
Juan,The Mask,Indonesia,2020-09-23
Juan,Wasp Network,Indonesia,2020-09-18
Juan,Whipped,Indonesia,2020-09-18
Juan,Dr Jason Leong Hashtag Blessed,Indonesia,2020-09-18
Juan,True Story,Indonesia,2020-09-18
Juan,A Beautiful Day in the Neighborhood,Indonesia,2020-09-18
Juan,(500) Days of Summer,Indonesia,2020-09-18
Juan,Stranger,Indonesia,2020-09-18
Juan,18 Presents,Indonesia,2020-09-18
Juan,I Lost My Body,Indonesia,2020-09-18
Juan,Chicago Typewriter,Indonesia,2020-09-16
Juan,The Trial of the Chicago 7,Indonesia,2020-09-16
Juan,Record of Youth,Indonesia,2020-09-14
Juan,The Land of Steady Habits,Indonesia,2020-09-13
Juan,Marriage Story,Indonesia,2020-09-13
Juan,The Great Gatsby,Indonesia,2020-09-13
Juan,Away,Indonesia,2020-09-12
Juan,I'm Thinking of Ending Things,Indonesia,2020-09-12
Juan,Gladiator,Indonesia,2020-09-11
Juan,The Theory of Everything,Indonesia,2020-09-11
Juan,Atonement,Indonesia,2020-09-11
Juan,The Green Mile,Indonesia,2020-09-11
Juan,#Alive,Indonesia,2020-09-10
Juan,Freaks – You're One of Us,Indonesia,2020-09-10
Juan,Flight,Indonesia,2020-09-07
Juan,A Certain Scientific Accelerator,Indonesia,2020-09-05
Juan,Away,Indonesia,2020-09-05
Juan,I AM A KILLER: RELEASED,Indonesia,2020-09-05
Juan,Concussion,Indonesia,2020-09-05
Juan,Two Cops,Indonesia,2020-09-04
Juan,Criminal: Germany,Indonesia,2020-09-04
Juan,MINDHUNTER,Indonesia,2020-09-04
Juan,Criminal: UK,Indonesia,2020-09-04
Juan,Murder Mystery,Indonesia,2020-09-04
Juan,Criminal: Spain,Indonesia,2020-09-04
Juan,Criminal: France,Indonesia,2020-09-04
Juan,Do Do Sol Sol La La Sol,Indonesia,2020-09-03
Juan,Texas Killing Fields,Indonesia,2020-09-01
Juan,The Equalizer,Indonesia,2020-09-01
Juan,The App,Indonesia,2020-09-01
Juan,Ocean's 8,Indonesia,2020-09-01
Juan,Passengers,Indonesia,2020-09-01
Juan,The Martian,Indonesia,2020-09-01
Juan,See You Yesterday,Indonesia,2020-09-01
Juan,Titanic,Indonesia,2020-09-01
Juan,Little Women,Indonesia,2020-09-01
Juan,Life of Pi,Indonesia,2020-09-01
Juan,The A-Team,Indonesia,2020-09-01
Juan,IO,Indonesia,2020-09-01
Juan,Bird Box,Indonesia,2020-09-01
Juan,In the Tall Grass,Indonesia,2020-09-01
Juan,Aggretsuko,Indonesia,2020-09-01
Juan,The World of the Married,Indonesia,2020-08-31
Juan,The House with a Clock in Its Walls,Indonesia,2020-08-30
Juan,The Sleepover,Indonesia,2020-08-29
Juan,Rust Valley Restorers,Indonesia,2020-08-29
Juan,Biohackers,Indonesia,2020-08-28
Juan,Great Pretender,Indonesia,2020-08-28
Juan,High Score,Indonesia,2020-08-27
Juan,Doctor X Surgeon Michiko Daimon,Indonesia,2020-08-27
Juan,Time Trap,Indonesia,2020-08-24
Juan,The 5th Wave,Indonesia,2020-08-24
Juan,Enola Holmes,Indonesia,2020-08-19
Juan,The Devil All The Time,Indonesia,2020-08-17
Juan,Great Pretender,Indonesia,2020-08-17
Juan,Rust Valley Restorers,Indonesia,2020-08-17
Juan,The House with a Clock in Its Walls,Indonesia,2020-08-17
Juan,The Sound of Your Heart: Reboot,Indonesia,2020-08-17
Juan,I AM A KILLER: RELEASED,Indonesia,2020-08-17
Juan,Freaks – You're One of Us,Indonesia,2020-08-17
Juan,High Score,Indonesia,2020-08-17
Juan,The Theory of Everything,Indonesia,2020-08-17
Juan,High Seas,Indonesia,2020-08-17
Juan,Do Do Sol Sol La La Sol,Indonesia,2020-08-17
Juan,Biohackers,Indonesia,2020-08-17
Juan,The Sleepover,Indonesia,2020-08-17
Juan,I'm Thinking of Ending Things,Indonesia,2020-08-17
Juan,Away,Indonesia,2020-08-17
Juan,The Devil Wears Prada,Indonesia,2020-08-17
Juan,Atonement,Indonesia,2020-08-17
Juan,The Sound of Your Heart,Indonesia,2020-08-14
Juan,Toko Barang Mantan,Indonesia,2020-08-14
Juan,"Berlin, Berlin: Lolle on the Run",Indonesia,2020-08-13
Juan,Tunnel,Indonesia,2020-08-08
Juan,Abstract: The Art of Design,Indonesia,2020-08-04
Juan,The Wind Rises,Indonesia,2020-08-03
Juan,Spy,Indonesia,2020-08-03
Juan,Rotten,Indonesia,2020-08-03
Juan,When Marnie Was There,Indonesia,2020-08-03
Juan,Princess Mononoke,Indonesia,2020-08-03
Juan,Modest Heroes: Ponoc Short Films Theatre,Indonesia,2020-08-03
Juan,The Tale of The Princess Kaguya,Indonesia,2020-08-03
Juan,Only Yesterday,Indonesia,2020-08-03
Juan,League of Legends Origins,Indonesia,2020-08-03
Juan,Pandemic: How to Prevent an Outbreak,Indonesia,2020-08-03
Juan,From Up on Poppy Hill,Indonesia,2020-08-03
Juan,Unnatural Selection,Indonesia,2020-08-03
Juan,Losers,Indonesia,2020-08-03
Juan,Johnny English Reborn,Indonesia,2020-08-03
Juan,What the Health,Indonesia,2020-08-03
Juan,Love is Blind,Indonesia,2020-08-03
Juan,The Game Changers,Indonesia,2020-08-03
Juan,Bad Boys for Life,Indonesia,2020-08-03
Juan,Porco Rosso,Indonesia,2020-08-03
Juan,No Game No Life,Indonesia,2020-08-02
Juan,The Irishman,Indonesia,2020-08-02
Juan,Eragon,Indonesia,2020-07-31
Juan,"I, Robot",Indonesia,2020-07-31
Juan,His Dark Materials: The Golden Compass,Indonesia,2020-07-31
Juan,Pacific Rim,Indonesia,2020-07-31
Juan,Assassin's Creed,Indonesia,2020-07-31
Juan,The Larva Island Movie,Indonesia,2020-07-31
Juan,Ready Player One,Indonesia,2020-07-31
Juan,Edge of Tomorrow,Indonesia,2020-07-31
Juan,Imperfect,Indonesia,2020-07-31
Juan,The 40-Year-Old Virgin,Indonesia,2020-07-31
Juan,"Oh, Ramona!",Indonesia,2020-07-31
Juan,Sucker Punch,Indonesia,2020-07-31
Juan,The Book of Eli,Indonesia,2020-07-31
Juan,50 First Dates,Indonesia,2020-07-31
Juan,Knocked Up,Indonesia,2020-07-31
Juan,The Dictator,Indonesia,2020-07-31
Juan,Forgetting Sarah Marshall,Indonesia,2020-07-31
Juan,Waterworld,Indonesia,2020-07-31
Juan,Yes Man,Indonesia,2020-07-31
Juan,I Am Legend,Indonesia,2020-07-31
Juan,Geostorm,Indonesia,2020-07-31
Juan,Jack Whitehall: I'm Only Joking,Indonesia,2020-07-29
Juan,Hikaru Utada Laughter in the Dark Tour 2018,Indonesia,2020-07-28
Juan,Connected,Indonesia,2020-07-27
Juan,Tag,Indonesia,2020-07-27
Juan,Project Power,Indonesia,2020-07-27
Juan,The Rain,Indonesia,2020-07-27
Juan,Gone Girl,Indonesia,2020-07-27
Juan,The Big Short,Indonesia,2020-07-27
Juan,The Truman Show,Indonesia,2020-07-27
Juan,Dunkirk,Indonesia,2020-07-27
Juan,World's Most Wanted,Indonesia,2020-07-27
Juan,Catch Me If You Can,Indonesia,2020-07-27
Juan,Great Pretender,Indonesia,2020-07-27
Juan,Birdman or (The Unexpected Virtue of Ignorance),Indonesia,2020-07-27
Juan,Cast Away,Indonesia,2020-07-27
Juan,Inception,Indonesia,2020-07-27
Juan,(Un)Well,Indonesia,2020-07-27
Juan,Girl from Nowhere,Indonesia,2020-07-23
Juan,Followers,Indonesia,2020-07-23
Juan,American Pie Presents: The Book of Love,Indonesia,2020-07-22
Juan,Urzila Carlson: Overqualified Loser,Indonesia,2020-07-22
Juan,Lucifer,Indonesia,2020-07-21
Juan,Titans,Indonesia,2020-07-21
Juan,Chilling Adventures of Sabrina,Indonesia,2020-07-21
Juan,Ragnarok,Indonesia,2020-07-21
Juan,Lost in Space,Indonesia,2020-07-21
Juan,The Society,Indonesia,2020-07-21
Juan,American Horror Story,Indonesia,2020-07-21
Juan,October Faction,Indonesia,2020-07-21
Juan,Voice,Indonesia,2020-07-19
Juan,Fire Force,Indonesia,2020-07-19
Juan,Black,Indonesia,2020-07-19
Juan,The Guardian,Indonesia,2020-07-19
Juan,Was It Love?,Indonesia,2020-07-19
Juan,Cursed,Indonesia,2020-07-18
Juan,Japan Sinks: 2020,Indonesia,2020-07-17
Juan,Jo Koy: Comin' In Hot,Indonesia,2020-07-15
Juan,Re:Zero - Starting Life in Another World,Indonesia,2020-07-15
Juan,Urzila Carlson: Overqualified Loser,Indonesia,2020-07-11
Juan,Romance Doll,Indonesia,2020-07-11
Juan,Norsemen,Indonesia,2020-07-11
Juan,The Larva Island Movie,Indonesia,2020-07-11
Juan,The Business of Drugs,Indonesia,2020-07-11
Juan,"Bikram: Yogi, Guru, Predator",Indonesia,2020-07-11
Juan,Don't Breathe,Indonesia,2020-07-11
Juan,Dark Desire,Indonesia,2020-07-11
Juan,Signs,Indonesia,2020-07-11
Juan,Jack Whitehall: I'm Only Joking,Indonesia,2020-07-11
Juan,The Players,Indonesia,2020-07-11
Juan,MILF,Indonesia,2020-07-11
Juan,The Speed Cubers,Indonesia,2020-07-11
Juan,The Kissing Booth 2,Indonesia,2020-07-11
Juan,Fire Force,Indonesia,2020-07-09
Juan,BNA,Indonesia,2020-07-08
Juan,Kabaneri of the Iron Fortress,Indonesia,2020-07-08
Juan,Unsolved Mysteries,Indonesia,2020-07-08
Juan,Is It Wrong to Try to Pick Up Girls in a Dungeon?,Indonesia,2020-07-06
Juan,When the Camellia Blooms,Indonesia,2020-07-06
Juan,Warrior Nun,Indonesia,2020-07-06
Juan,Patriot Act with Hasan Minhaj,Indonesia,2020-07-06
Juan,Forest of Piano,Indonesia,2020-07-06
Juan,Don't F**k with Cats: Hunting an Internet Killer,Indonesia,2020-07-06
Juan,Iris,Indonesia,2020-07-06
Juan,Blue Exorcist,Indonesia,2020-07-06
Juan,Unbelievable,Indonesia,2020-07-06
Juan,Welcome to Waikiki 2,Indonesia,2020-07-06
Juan,My Mister,Indonesia,2020-07-06
Juan,Kiki’s Delivery Service,Indonesia,2020-07-06
Juan,Sirius the Jaeger,Indonesia,2020-07-06
Juan,The Kominsky Method,Indonesia,2020-07-06
Juan,Something in the Rain,Indonesia,2020-07-06
Juan,The Cat Returns,Indonesia,2020-06-27
Juan,Whisper of the Heart,Indonesia,2020-06-27
Juan,100 Humans,Indonesia,2020-06-25
Juan,Crazy Delicious,Indonesia,2020-06-22
Juan,Think Like a Dog,Indonesia,2020-06-22
Juan,Blumhouse's Truth or Dare: Extended Director's Cut,Indonesia,2020-06-22
Juan,The Cowards Who Looked to the Sky,Indonesia,2020-06-22
Juan,BNA,Indonesia,2020-06-22
Juan,Cherry Boys,Indonesia,2020-06-22
Juan,Friends,Indonesia,2020-06-21
Juan,The Tale of Nokdu,Indonesia,2020-06-14
Juan,Japan Sinks: 2020,Indonesia,2020-06-14
Juan,Fire Force,Indonesia,2020-06-14
Juan,The Sinner,Indonesia,2020-06-14
Juan,It's Okay to Not Be Okay,Indonesia,2020-06-14
Juan,The End of the F***ing World,Indonesia,2020-06-14
Juan,Doctor Prisoner,Indonesia,2020-06-14
Juan,Babies,Indonesia,2020-06-14
Juan,Rascal Does Not Dream of Bunny Girl Senpai,Indonesia,2020-06-14
Juan,Reply 1988,Indonesia,2020-06-14
Juan,Sex Education,Indonesia,2020-06-14
Juan,Mr. Iglesias,Indonesia,2020-06-14
Juan,Jo Koy: In His Elements,Indonesia,2020-06-14
Juan,The Promised Neverland,Indonesia,2020-06-13
Juan,Titanic,Indonesia,2020-06-09
Juan,The Time Traveler's Wife,Indonesia,2020-06-09
Juan,Kipo and the Age of Wonderbeasts,Indonesia,2020-06-09
Juan,F is for Family,Indonesia,2020-06-07
Juan,A Whisker Away,Indonesia,2020-06-07
Juan,Kabaneri of the Iron Fortress,Indonesia,2020-06-07
Juan,Curon,Indonesia,2020-06-07
Juan,"Oh, Ramona!",Indonesia,2020-05-28
Juan,The Naked Director,Indonesia,2020-05-28
Juan,The Great Hack,Indonesia,2020-05-27
Juan,Master of None,Indonesia,2020-05-27
Juan,Explained,Indonesia,2020-05-27
Juan,"The Mind, Explained",Indonesia,2020-05-27
Juan,Castle Rock,Indonesia,2020-05-27
Juan,My Neighbor Totoro,Indonesia,2020-05-27
Juan,GTO: Great Teacher Onizuka,Indonesia,2020-05-27
Juan,We Bare Bears,Indonesia,2020-05-27
Juan,Freud,Indonesia,2020-05-27
Juan,Seraph of the End,Indonesia,2020-05-27
Juan,Altered Carbon,Indonesia,2020-05-27
Juan,"Sex, Explained",Indonesia,2020-05-27
Juan,Cells at Work!,Indonesia,2020-05-27
Juan,Conversations with a Killer: The Ted Bundy Tapes,Indonesia,2020-05-27
Juan,Luna Nera,Indonesia,2020-05-27
Juan,Arrietty,Indonesia,2020-05-27
Juan,CAROLE & TUESDAY,Indonesia,2020-05-27
Juan,Midnight Diner: Tokyo Stories,Indonesia,2020-05-27
Juan,BEASTARS,Indonesia,2020-05-27
Juan,Stranger Things,Indonesia,2020-05-27
Juan,Shadowhunters: The Mortal Instruments,Indonesia,2020-05-27
Juan,Inside Bill's Brain: Decoding Bill Gates,Indonesia,2020-05-27
Juan,Omniscient,Indonesia,2020-05-27
Juan,Making a Murderer,Indonesia,2020-05-27
Juan,A Korean Odyssey,Indonesia,2020-05-27
Juan,FYRE: The Greatest Party That Never Happened,Indonesia,2020-05-27
Juan,"Coronavirus, Explained",Indonesia,2020-05-27
Juan,The 100,Indonesia,2020-05-26
Juan,Breaking Bad,Indonesia,2020-05-26
Juan,Attack on Titan,Indonesia,2020-05-26
Juan,The Umbrella Academy,Indonesia,2020-05-26
Juan,The Victims' Game,Indonesia,2020-05-26
Juan,Vikings,Indonesia,2020-05-26
Juan,After Porn Ends 3,Indonesia,2020-05-26
Juan,Hot Girls Wanted,Indonesia,2020-05-26
Juan,My Hero Academia,Indonesia,2020-05-26
Juan,Kakegurui,Indonesia,2020-05-26
Juan,Control Z,Indonesia,2020-05-26
Juan,BoJack Horseman,Indonesia,2020-05-26
Juan,The Witcher,Indonesia,2020-05-26
Juan,Peaky Blinders,Indonesia,2020-05-26
Juan,The Rising of the Shield Hero,Indonesia,2020-05-26
Juan,Hwarang,Indonesia,2020-05-26
Juan,Spirited Away,Indonesia,2020-05-26
Juan,You,Indonesia,2020-05-26
Juan,Kenny Sebastian: The Most Interesting Person in the Room,Indonesia,2020-05-25
Juan,Paper Towns,Indonesia,2020-05-25
Juan,Midnight Diner,Indonesia,2020-05-25
Juan,Jeffrey Epstein: Filthy Rich,Indonesia,2020-05-25
Juan,Pay It Forward,Indonesia,2020-05-25
Juan,365 Days,Indonesia,2020-05-25
Juan,Trick Shinsaku Special,Indonesia,2020-05-25
Juan,Mystic Pop-up Bar,Indonesia,2020-05-23
Juan,Dark,Indonesia,2020-05-23
Juan,History 101,Indonesia,2020-05-20
Juan,Scum's Wish,Indonesia,2020-05-20
Juan,SKY Castle,Indonesia,2020-05-19
Juan,Busted!,Indonesia,2020-05-11
Juan,"Kangchi, The Beginning",Indonesia,2020-05-11
Juan,Extracurricular,Indonesia,2020-05-06
Juan,Have a Good Trip: Adventures in Psychedelics,Indonesia,2020-05-03
Juan,Demon Slayer: Kimetsu no Yaiba,Indonesia,2020-05-03
Juan,SHIMONETA: A Boring World Where the Concept of Dirty Jokes Doesn't Exist,Indonesia,2020-05-03
Juan,Your lie in April,Indonesia,2020-04-30
Juan,Erased,Indonesia,2020-04-30
Juan,I'm not a robot,Indonesia,2020-04-26
Juan,The King: Eternal Monarch,Indonesia,2020-04-17
Juan,Sword Art Online,Indonesia,2020-04-17
Juan,Kingdom,Indonesia,2020-04-17
Juan,Tune in for Love,Indonesia,2020-04-17
Juan,The Legend of the Blue Sea,Indonesia,2020-04-15
Juan,She was pretty,Indonesia,2020-04-15
Juan,W – Two Worlds Apart,Indonesia,2020-04-15
Juan,Kabaneri of the Iron Fortress: The Battle of Unato,Indonesia,2020-04-15
Juan,Love Alarm,Indonesia,2020-03-29
Juan,Touch Your Heart,Indonesia,2020-03-27
Juan,Locke & Key,Indonesia,2020-03-27
Juan,Messiah,Indonesia,2020-03-27
Juan,Guardian: The Lonely and Great God,Indonesia,2020-03-27
Juan,Vagabond,Indonesia,2020-03-24
Juan,Crash Landing on You,Indonesia,2020-03-24
Juan,Black Mirror,Indonesia,2020-03-24
Juan,Itaewon Class,Indonesia,2020-03-24
Juan,Extraordinary You,Indonesia,2020-03-24
Juan,Hotel Del Luna,Indonesia,2020-03-24
Juan,Hunter X Hunter (2011),Indonesia,2020-03-24
Juan,Descendants of the Sun,Indonesia,2020-03-24
Vina,Love Alarm,Indonesia,2021-07-27
Vina,Dr. Romantic,Indonesia,2021-07-06
Vina,"Nevertheless,",Indonesia,2021-06-21
Vina,Broken,Indonesia,2021-06-21
Vina,Hospital Playlist,Indonesia,2021-06-17
Vina,Vincenzo,Indonesia,2021-05-20
Vina,Law School,Indonesia,2021-04-29
Vina,Gifted,Indonesia,2021-04-22
Vina,Lovestruck in the City,Indonesia,2021-02-05
Vina,June & Kopi,Indonesia,2021-02-01
Vina,Cheese in the Trap,Indonesia,2021-01-05
Vina,SKY Castle,Indonesia,2020-12-28
Vina,Reply 1988,Indonesia,2020-11-27
Vina,The Producers,Indonesia,2020-11-08
Vina,The King: Eternal Monarch,Indonesia,2020-11-05
Vina,The Boy Who Harnessed the Wind,Indonesia,2020-11-05
Vina,The Queen's Gambit,Indonesia,2020-11-01
Vina,The Trial of the Chicago 7,Indonesia,2020-10-17
Vina,Michael Jackson's This Is It,Indonesia,2020-10-17
Vina,Don't F**k with Cats: Hunting an Internet Killer,Indonesia,2020-10-17
Vina,Taylor Swift reputation Stadium Tour,Indonesia,2020-10-17
Vina,The School Nurse Files,Indonesia,2020-10-14
Vina,The Rain,Indonesia,2020-10-11
Vina,Enola Holmes,Indonesia,2020-10-11
Vina,Naruto,Indonesia,2020-10-11
Vina,Little Women,Indonesia,2020-10-11
Vina,Hunter X Hunter (2011),Indonesia,2020-10-11
Vina,The Theory of Everything,Indonesia,2020-10-11
Vina,BLACKPINK: Light Up the Sky,Indonesia,2020-10-06
Vina,The Invisible Guest,Indonesia,2020-10-05
Vina,The School Nurse Files,Indonesia,2020-09-30
Vina,The Game Changers,Indonesia,2020-09-30
Vina,The Social Dilemma,Indonesia,2020-09-30
Vina,Catch Me If You Can,Indonesia,2020-09-13
Vina,#Alive,Indonesia,2020-09-12
Vina,Flight,Indonesia,2020-09-07
Vina,The Sound of Your Heart,Indonesia,2020-09-01
Vina,Filosofi Kopi,Indonesia,2020-08-18
Vina,Filosofi Kopi 2: Ben & Jody,Indonesia,2020-08-18
Vina,This Earth of Mankind,Indonesia,2020-08-18
Vina,#FriendButMarried 2,Indonesia,2020-08-18
Vina,Was It Love?,Indonesia,2020-08-15
Vina,Busted!,Indonesia,2020-08-15
Vina,The Sound of Your Heart,Indonesia,2020-08-15
Vina,How I Met Your Mother,Indonesia,2020-08-15
Vina,Memories of the Alhambra,Indonesia,2020-08-10
Vina,Trinity Traveler,Indonesia,2020-08-10
Vina,The Witcher,Indonesia,2020-08-10
Vina,Dream High,Indonesia,2020-08-10
Vina,Was It Love?,Indonesia,2020-08-10
Vina,The K2,Indonesia,2020-08-06
Vina,The Flash,Indonesia,2020-08-06
Vina,Dunkirk,Indonesia,2020-08-06
Vina,Welcome to Waikiki,Indonesia,2020-08-06
Vina,Inception,Indonesia,2020-08-06
Vina,Marriage Story,Indonesia,2020-08-03
Vina,Lucifer,Indonesia,2020-08-03
Vina,Stranger Things,Indonesia,2020-08-03
Vina,Street Food: Asia,Indonesia,2020-07-18
Vina,Tune in for Love,Indonesia,2020-07-14
Vina,We Bare Bears,Indonesia,2020-07-08
Vina,Twogether,Indonesia,2020-07-07
Vina,Mystic Pop-up Bar,Indonesia,2020-07-07
Vina,Friends,Indonesia,2020-07-03
Vina,My Neighbor Totoro,Indonesia,2020-07-01
Vina,Spirited Away,Indonesia,2020-06-30
Vina,A Whisker Away,Indonesia,2020-06-30
Vina,Revolutionary Love,Indonesia,2020-06-16
Vina,One Day We'll Talk About Today,Indonesia,2020-05-28
Vina,Miss Americana,Indonesia,2020-05-28
Vina,Hospital Playlist,Indonesia,2020-05-28
Vina,(500) Days of Summer,Indonesia,2020-05-28
Vina,Lady Bird,Indonesia,2020-05-28
Vina,The Land Before Time,Indonesia,2020-05-26
Vina,Rise of the Guardians,Indonesia,2020-05-26
Vina,Legend of the Guardians: The Owls of Ga'Hoole,Indonesia,2020-05-26
Vina,She was pretty,Indonesia,2020-05-26
Vina,Your lie in April,Indonesia,2020-05-22
Vina,Percy Jackson & the Olympians: The Lightning Thief,Indonesia,2020-05-20
Vina,Percy Jackson: Sea of Monsters,Indonesia,2020-05-20
Vina,Food Wars!: Shokugeki no Soma,Indonesia,2020-05-05
Vina,Your lie in April,Indonesia,2020-05-05
Vina,Hollywood,Indonesia,2020-05-02
Vina,Once Upon a Time in Hollywood,Indonesia,2020-05-02
Vina,Extraction,Indonesia,2020-04-27
Vina,Crash Landing on You,Indonesia,2020-03-28
Vina,Itaewon Class,Indonesia,2020-03-25
Vina,I Am Not Okay With This,Indonesia,2020-03-24
Vina,Money Heist,Indonesia,2020-03-24
Vina,BoJack Horseman,Indonesia,2020-03-24
Vina,When They See Us,Indonesia,2020-03-24
Vina,Breaking Bad,Indonesia,2020-03-24
Vina,Once Upon a Time in Hollywood,Indonesia,2020-03-24
Vina,Locke & Key,Indonesia,2020-03-24
Sarah,The School Nurse Files,Indonesia,2021-07-16
Sarah,Back to the 90s,Indonesia,2021-07-15
Sarah,Bo Burnham: Inside,Indonesia,2021-07-15
Sarah,Abstract: The Art of Design,Indonesia,2021-07-15
Sarah,In the Absence of the Sun,Indonesia,2021-07-11
Sarah,Bangkok Traffic (Love) Story,Indonesia,2021-07-11
Sarah,Lovely Man,Indonesia,2021-07-10
Sarah,Quarantine Tales,Indonesia,2021-07-10
Sarah,Ali & Ratu Ratu Queens,Indonesia,2021-06-17
Sarah,Jujutsu Kaisen,Indonesia,2021-06-03
Sarah,Move to Heaven,Indonesia,2021-05-28
Sarah,Social Syndrome,Indonesia,2021-05-13
Sarah,Tersanjung the Movie,Indonesia,2021-05-13
Sarah,Moxie,Indonesia,2021-05-13
Sarah,New York Minute,Indonesia,2021-05-13
Sarah,Love and Monsters,Indonesia,2021-05-13
Sarah,The Way of the Househusband,Indonesia,2021-05-13
Sarah,Miss Congeniality,Indonesia,2021-05-13
Sarah,Law School,Indonesia,2021-05-13
Sarah,Friend Zone,Indonesia,2021-05-13
Sarah,My Stupid Boss,Indonesia,2021-05-13
Sarah,On Your Wedding Day,Indonesia,2021-05-13
Sarah,Broken Hearts Gallery,Indonesia,2021-05-13
Sarah,Tootsies & The Fake,Indonesia,2021-05-13
Sarah,Thoroughbreds,Indonesia,2021-05-13
Sarah,The Mitchells vs. The Machines,Indonesia,2021-05-03
Sarah,Generasi 90an: Melankolia,Indonesia,2021-03-19
Sarah,Assassination Classroom,Indonesia,2021-02-28
Sarah,Anastasia,Indonesia,2021-02-28
Sarah,Violet Evergarden,Indonesia,2021-02-28
Sarah,Your lie in April,Indonesia,2021-02-25
Sarah,I Care a Lot,Indonesia,2021-02-21
Sarah,I Lost My Body,Indonesia,2021-02-13
Sarah,The Dig,Indonesia,2021-02-13
Sarah,Moulin Rouge!,Indonesia,2021-01-28
Sarah,Lupin,Indonesia,2021-01-27
Sarah,Flower of Evil,Indonesia,2021-01-27
Sarah,A Place Further than the Universe,Indonesia,2021-01-27
Sarah,The White Tiger,Indonesia,2021-01-27
Sarah,"Sing ""Yesterday"" for Me",Indonesia,2021-01-18
Sarah,A Whisker Away,Indonesia,2021-01-18
Sarah,Kramer vs. Kramer,Indonesia,2021-01-17
Sarah,Children Who Chase Lost Voices,Indonesia,2021-01-17
Sarah,My Neighbors the Yamadas,Indonesia,2021-01-17
Sarah,Tales from Earthsea,Indonesia,2021-01-17
Sarah,All The Bright Places,Indonesia,2021-01-15
Sarah,A Place Further than the Universe,Indonesia,2021-01-15
Sarah,Pieces of a Woman,Indonesia,2021-01-15
Sarah,The Millionaire Detective - Balance: UNLIMITED,Indonesia,2021-01-14
Sarah,Canvas,Indonesia,2020-12-27
Sarah,Ma Rainey's Black Bottom,Indonesia,2020-12-27
Sarah,Once Upon a Time in Hollywood,Indonesia,2020-12-24
Sarah,Richie Rich,Indonesia,2020-12-24
Sarah,The Fresh Prince of Bel-Air,Indonesia,2020-12-24
Sarah,Only Yesterday,Indonesia,2020-12-24
Sarah,About Time,Indonesia,2020-12-05
Sarah,The Place Promised in Our Early Days,Indonesia,2020-12-05
Sarah,Up in the Air,Indonesia,2020-12-04
Sarah,MANK,Indonesia,2020-12-04
Sarah,Life of Pi,Indonesia,2020-12-04
Sarah,If Anything Happens I Love You,Indonesia,2020-12-04
Sarah,Game Night,Indonesia,2020-11-24
Sarah,Morning Glory,Indonesia,2020-11-24
Sarah,The Half Of It,Indonesia,2020-11-23
Sarah,Matilda,Indonesia,2020-11-23
Sarah,DASH & LILY,Indonesia,2020-11-18
Sarah,Psycho-Pass,Indonesia,2020-11-18
Sarah,Save Me,Indonesia,2020-11-08
Sarah,Great Pretender,Indonesia,2020-11-06
Sarah,Brooklyn Nine-Nine,Indonesia,2020-11-01
Sarah,Girl from Nowhere,Indonesia,2020-10-30
Sarah,Howl’s Moving Castle,Indonesia,2020-10-30
Sarah,The Queen's Gambit,Indonesia,2020-10-30
Sarah,Ave Maryam,Indonesia,2020-10-28
Sarah,Haikyu!!,Indonesia,2020-10-28
Sarah,Unbelievable,Indonesia,2020-10-28
Sarah,Dark,Indonesia,2020-10-28
Sarah,The Good Place,Indonesia,2020-10-28
Sarah,My Mister,Indonesia,2020-10-28
Sarah,Reply 1988,Indonesia,2020-10-28
Sarah,Sherlock,Indonesia,2020-10-28
Sarah,The Amazing World of Gumball,Indonesia,2020-10-27
Sarah,From Up on Poppy Hill,Indonesia,2020-10-27
Sarah,MINDHUNTER,Indonesia,2020-10-27
Sarah,Busted!,Indonesia,2020-10-27
Sarah,Hunter X Hunter (2011),Indonesia,2020-10-27
Sarah,Bad Genius,Indonesia,2020-10-25
Sarah,Stranger Things,Indonesia,2020-10-25
Sarah,Enola Holmes,Indonesia,2020-10-25
