Profile Name,Title Name,Rating Type,Star Value,Thumbs Value,Device Model,Event Utc Ts,Region View Date
Juan,Troy,thumb,,2,Android Phone,2021-07-28 18:45:26,
Juan,Braveheart,thumb,,2,Android Phone,2021-07-28 16:11:43,
Juan,Gladiator,thumb,,2,Android Phone,2021-07-28 16:11:20,
Juan,The Life of David Gale,thumb,,0,Android Phone,2021-07-16 15:21:55,
Juan,The Shawshank Redemption,thumb,,2,Android Phone,2021-07-16 15:21:42,
Juan,Wanted,thumb,,2,HTML 5,2021-06-06 18:31:55,
Juan,Shazam!,thumb,,2,HTML 5,2021-06-06 18:30:35,
Juan,The Pursuit of Happyness,thumb,,2,HTML 5,2021-06-06 18:28:47,
Juan,Law School,thumb,,2,Android Phone,2021-04-24 10:59:27,
Juan,My Girlfriend Is a Gumiho,thumb,,2,Android Phone,2021-02-06 14:53:43,
Juan,Explained,thumb,,2,Android Phone,2021-01-31 07:17:46,
Juan,"Kangchi, The Beginning",thumb,,2,Android Tablet,2021-01-26 13:55:54,
Juan,Fantastic Beasts: The Crimes of Grindelwald,thumb,,2,HTML 5,2021-01-17 07:57:22,
Juan,Baby Driver,thumb,,2,HTML 5,2021-01-17 07:57:02,
Juan,Inside Man,thumb,,2,Android Tablet,2021-01-02 07:52:30,
Juan,Conversations with a Killer: The Ted Bundy Tapes,thumb,,2,Android Tablet,2021-01-01 20:14:22,
Juan,Bad Genius,thumb,,2,HTML 5,2020-12-25 11:17:41,
Juan,Girl from Nowhere,thumb,,2,HTML 5,2020-12-25 11:17:19,
Juan,A Star Is Born,thumb,,2,Android Phone,2020-12-03 11:43:26,
Juan,The Thieves,thumb,,2,Android Phone,2020-11-06 13:55:11,
Juan,Milly & Mamet,thumb,,2,Android Phone,2020-11-04 17:28:32,
Juan,BLACKPINK: Light Up the Sky,thumb,,2,Android Phone,2020-10-17 17:45:27,
Juan,While You Were Sleeping,thumb,,2,Android Phone,2020-10-15 04:48:19,
Juan,Uncontrollably Fond,thumb,,2,Android Phone,2020-10-15 04:48:05,
Juan,Extraordinary You,thumb,,2,Android Phone,2020-10-15 04:47:51,
Juan,Full House,thumb,,2,Android Phone,2020-10-15 04:47:11,
Juan,My Love from the Star,thumb,,2,Android Phone,2020-10-15 04:46:14,
Juan,Descendants of the Sun,thumb,,2,Android Phone,2020-10-15 04:46:08,
Juan,Hotel Del Luna,thumb,,2,Android Phone,2020-10-15 04:34:48,
Juan,Johnny English Strikes Again,thumb,,2,Android Phone,2020-10-07 16:44:44,
Juan,The Invisible Guest,thumb,,2,Android Phone,2020-10-05 21:49:19,
Juan,Messiah,thumb,,2,Android Phone,2020-09-23 20:22:33,
Juan,The Last Samurai,thumb,,2,Android Phone,2020-09-23 20:21:30,
Juan,Johnny English,thumb,,2,Android Phone,2020-09-23 19:10:54,
Juan,Dr Jason Leong Hashtag Blessed,thumb,,2,Android Phone,2020-09-21 19:48:16,
Juan,The Green Mile,thumb,,2,Android Phone,2020-09-18 19:07:56,
Juan,Cast Away,thumb,,2,Android Phone,2020-09-18 19:07:11,
Juan,Paper Towns,thumb,,2,Android Phone,2020-09-18 19:06:22,
Juan,The Devil All The Time,thumb,,2,Android Phone,2020-09-18 17:55:50,
Juan,The Theory of Everything,thumb,,2,Android Phone,2020-09-14 20:09:54,
Juan,Catch Me If You Can,thumb,,2,Android Phone,2020-09-13 07:17:41,
Juan,#Alive,thumb,,2,Android Phone,2020-09-10 09:24:15,
Juan,Concussion,thumb,,2,Android Phone,2020-09-05 08:15:47,
Juan,The Equalizer,thumb,,2,Android Phone,2020-09-01 17:24:11,
Juan,Titanic,thumb,,2,Android Phone,2020-09-01 17:23:12,
Juan,Little Women,thumb,,2,Android Phone,2020-09-01 17:23:03,
Juan,The Martian,thumb,,2,Android Phone,2020-09-01 17:22:43,
Juan,Project Power,thumb,,2,Android Phone,2020-09-01 17:20:42,
Juan,The World of the Married,thumb,,2,Android Phone,2020-08-31 08:26:26,
Juan,The Book of Eli,thumb,,2,Android Phone,2020-08-24 19:44:27,
Juan,Lucifer,thumb,,2,HTML 5,2020-08-21 23:50:28,
Juan,Toko Barang Mantan,thumb,,2,HTML 5,2020-08-14 12:05:12,
Juan,Johnny English Reborn,thumb,,2,Android Phone,2020-08-03 18:40:29,
Juan,Bad Boys for Life,thumb,,2,Android Phone,2020-08-03 16:53:02,
Juan,The Naked Director,thumb,,2,Android Phone,2020-08-02 10:43:08,
Juan,Assassin's Creed,thumb,,2,Android Phone,2020-07-31 18:58:18,
Juan,"I, Robot",thumb,,2,Android Phone,2020-07-31 18:58:05,
Juan,Waterworld,thumb,,2,Android Phone,2020-07-31 18:57:59,
Juan,Edge of Tomorrow,thumb,,2,Android Phone,2020-07-31 18:57:49,
Juan,I Am Legend,thumb,,2,Android Phone,2020-07-31 18:57:33,
Juan,Pacific Rim,thumb,,2,Android Phone,2020-07-31 18:57:29,
Juan,Ready Player One,thumb,,2,Android Phone,2020-07-31 18:57:09,
Juan,Geostorm,thumb,,2,Android Phone,2020-07-31 18:57:03,
Juan,Inception,thumb,,2,Android Phone,2020-07-31 18:56:58,
Juan,Imperfect,thumb,,2,Android Phone,2020-07-31 18:56:54,
Juan,The Dictator,thumb,,2,Android Phone,2020-07-31 18:47:50,
Juan,Yes Man,thumb,,2,Android Phone,2020-07-31 18:47:40,
Juan,50 First Dates,thumb,,2,Android Phone,2020-07-31 18:47:37,
Juan,The Truman Show,thumb,,2,Android Phone,2020-07-30 19:47:46,
Juan,Hikaru Utada Laughter in the Dark Tour 2018,thumb,,2,Android Phone,2020-07-28 14:38:29,
Juan,Tune in for Love,thumb,,2,Android Phone,2020-07-13 23:41:01,
Juan,Cable Girls,thumb,,0,HTML 5,2020-07-06 22:56:12,
Juan,Jo Koy: In His Elements,thumb,,2,Android Phone,2020-06-14 10:18:34,
Juan,Sword Art Online,thumb,,2,HTML 5,2020-04-17 04:47:20,
Juan,Guardian: The Lonely and Great God,thumb,,2,HTML 5,2020-04-08 11:12:29,
Juan,Itaewon Class,thumb,,2,HTML 5,2020-04-08 11:07:40,
Juan,Crash Landing on You,thumb,,2,HTML 5,2020-04-08 11:06:37,
Sarah,Bangkok Traffic (Love) Story,thumb,,1,HTML 5,2021-07-16 19:45:10,
Sarah,Gie,thumb,,2,HTML 5,2021-07-15 20:55:21,
Sarah,The Mitchells vs. The Machines,thumb,,2,HTML 5,2021-07-13 13:11:58,
Sarah,Thoroughbreds,thumb,,2,HTML 5,2021-07-11 12:13:04,
Sarah,Pokémon Detective Pikachu,thumb,,2,HTML 5,2021-07-11 01:32:49,
Sarah,Boyhood,thumb,,2,HTML 5,2021-07-11 01:31:58,
Sarah,So Not Worth It,thumb,,2,HTML 5,2021-07-11 01:29:24,
Sarah,The Way of the Househusband,thumb,,2,HTML 5,2021-07-02 13:40:17,
Sarah,Someone Great,thumb,,2,HTML 5,2021-06-28 14:32:21,
Sarah,Broken Hearts Gallery,thumb,,2,HTML 5,2021-06-27 17:15:15,
Sarah,Moxie,thumb,,2,HTML 5,2021-06-27 15:32:01,
Sarah,Larva,thumb,,2,HTML 5,2021-06-19 20:36:55,
Sarah,Pitch Perfect,thumb,,2,HTML 5,2021-06-19 20:36:19,
Sarah,Sweet & Sour,thumb,,2,HTML 5,2021-06-19 20:33:14,
Sarah,Move to Heaven,thumb,,2,HTML 5,2021-06-19 19:13:33,
Sarah,Ali & Ratu Ratu Queens,thumb,,2,HTML 5,2021-06-17 09:32:49,
Sarah,Jujutsu Kaisen,thumb,,2,HTML 5,2021-06-08 07:46:31,
Sarah,Social Syndrome,thumb,,2,HTML 5,2021-05-17 08:20:01,
Sarah,My Stupid Boss,thumb,,2,HTML 5,2021-05-15 11:09:42,
Sarah,I Hear Your Voice,thumb,,2,HTML 5,2021-05-13 14:13:43,
Sarah,Castle in the Sky,thumb,,2,HTML 5,2021-05-13 14:11:50,
Sarah,Friend Zone,thumb,,2,HTML 5,2021-05-13 14:02:19,
Sarah,Tootsies & The Fake,thumb,,2,HTML 5,2021-05-13 06:24:40,
Sarah,The End of the F***ing World,thumb,,2,HTML 5,2021-05-13 02:34:00,
Sarah,Happy Old Year,thumb,,2,HTML 5,2021-05-13 02:33:44,
Sarah,The Lovely Bones,thumb,,2,HTML 5,2021-05-13 02:33:09,
Sarah,Flipped,thumb,,2,HTML 5,2021-05-13 02:30:04,
Sarah,Girl from Nowhere,thumb,,2,HTML 5,2021-05-08 07:25:03,
Sarah,Law School,thumb,,2,HTML 5,2021-05-03 03:29:20,
Sarah,The Con-Heartist,thumb,,2,HTML 5,2021-05-01 06:45:35,
Sarah,Two Blue Stripes,thumb,,2,HTML 5,2021-04-18 17:37:38,
Sarah,Gifted,thumb,,2,HTML 5,2021-04-18 17:37:27,
Sarah,Assassination Classroom,thumb,,2,HTML 5,2021-03-03 19:40:54,
Sarah,Your lie in April,thumb,,2,HTML 5,2021-02-28 03:03:42,
Sarah,I Care a Lot,thumb,,2,HTML 5,2021-02-26 00:15:59,
Sarah,Dear Ex,thumb,,2,HTML 5,2021-02-25 22:16:31,
Sarah,Suckseed,thumb,,2,HTML 5,2021-02-16 16:30:13,
Sarah,Nausicaä of the Valley of the Wind,thumb,,2,HTML 5,2021-02-13 19:59:13,
Sarah,What's Up with Love 2,thumb,,2,HTML 5,2021-02-13 19:58:08,
Sarah,The Dig,thumb,,2,HTML 5,2021-02-13 19:50:16,
Sarah,A Star Is Born,thumb,,2,HTML 5,2021-02-13 17:32:42,
Sarah,Baby Driver,thumb,,2,HTML 5,2021-02-13 17:31:44,
Sarah,August Rush,thumb,,2,HTML 5,2021-02-13 17:31:07,
Sarah,Unorthodox,thumb,,2,HTML 5,2021-02-13 17:28:43,
Sarah,A Place Further than the Universe,thumb,,2,HTML 5,2021-02-05 13:18:29,
Sarah,Ma Rainey's Black Bottom,thumb,,2,HTML 5,2021-02-04 07:12:53,
Sarah,Don't F**k with Cats: Hunting an Internet Killer,thumb,,2,HTML 5,2021-01-27 07:10:34,
Sarah,Let It Snow,thumb,,2,HTML 5,2021-01-27 04:25:46,
Sarah,The Edge of Seventeen,thumb,,2,HTML 5,2021-01-27 04:24:46,
Sarah,The Millionaire Detective - Balance: UNLIMITED,thumb,,2,HTML 5,2021-01-27 02:01:49,
Sarah,"Sing ""Yesterday"" for Me",thumb,,2,HTML 5,2021-01-26 07:07:09,
Sarah,Life of Pi,thumb,,2,HTML 5,2021-01-24 06:49:47,
Sarah,Howl’s Moving Castle,thumb,,2,HTML 5,2021-01-24 03:39:14,
Sarah,Canvas,thumb,,2,HTML 5,2021-01-19 02:12:42,
Sarah,If Anything Happens I Love You,thumb,,2,HTML 5,2021-01-19 02:03:45,
Sarah,My Neighbors the Yamadas,thumb,,2,HTML 5,2021-01-17 20:42:52,
Sarah,Too Handsome to Handle,thumb,,2,HTML 5,2021-01-17 03:03:35,
Sarah,All The Bright Places,thumb,,1,HTML 5,2021-01-17 02:52:56,
Sarah,From Up on Poppy Hill,thumb,,2,HTML 5,2021-01-15 01:36:10,
Sarah,Only Yesterday,thumb,,2,HTML 5,2021-01-15 01:35:59,
Sarah,Porco Rosso,thumb,,2,HTML 5,2021-01-14 03:42:36,
Sarah,Hidden Figures,thumb,,2,HTML 5,2021-01-14 03:40:12,
Sarah,Avatar: The Last Airbender,thumb,,2,HTML 5,2021-01-04 14:03:04,
Sarah,Mamma Mia!,thumb,,2,HTML 5,2020-12-24 23:22:48,
Sarah,The Garden of Words,thumb,,2,HTML 5,2020-12-24 23:22:32,
Sarah,The Irishman,thumb,,1,HTML 5,2020-12-24 23:12:40,
Sarah,Flavors of Youth: International Version,thumb,,2,HTML 5,2020-12-24 23:12:04,
Sarah,We're the Millers,thumb,,2,HTML 5,2020-12-24 23:11:49,
Sarah,Check The Store Next Door: The Next Chapter,thumb,,0,HTML 5,2020-12-24 23:10:57,
Sarah,Aruna & Her Palate,thumb,,2,HTML 5,2020-12-05 00:07:22,
Sarah,5 Centimeters Per Second,thumb,,2,HTML 5,2020-12-05 00:05:53,
Sarah,Easy A,thumb,,2,HTML 5,2020-12-05 00:05:46,
Sarah,BlacKkKlansman,thumb,,2,HTML 5,2020-12-05 00:03:23,
Sarah,Posesif,thumb,,2,HTML 5,2020-12-05 00:03:08,
Sarah,What They Don't Talk About When They Talk About Love,thumb,,2,HTML 5,2020-12-05 00:03:01,
Sarah,ROMA,thumb,,2,HTML 5,2020-12-05 00:01:48,
Sarah,Fiction.,thumb,,2,HTML 5,2020-12-04 23:59:38,
Sarah,Marlina the Murderer in Four Acts,thumb,,2,HTML 5,2020-12-04 23:59:29,
Sarah,Princess Mononoke,thumb,,2,HTML 5,2020-12-04 23:57:10,
Sarah,Midnight in Paris,thumb,,1,HTML 5,2020-12-04 23:57:05,
Sarah,Cast Away,thumb,,2,HTML 5,2020-12-04 23:56:51,
Sarah,Catch Me If You Can,thumb,,2,HTML 5,2020-12-04 23:56:25,
Sarah,Matilda,thumb,,2,HTML 5,2020-11-29 02:47:17,
Sarah,Game Night,thumb,,2,HTML 5,2020-11-29 00:12:33,
Sarah,W – Two Worlds Apart,thumb,,2,HTML 5,2020-11-26 02:22:09,
Sarah,The Cat Returns,thumb,,2,HTML 5,2020-11-23 21:18:07,
Sarah,Klaus,thumb,,2,HTML 5,2020-11-23 21:17:44,
Sarah,Mirai,thumb,,2,HTML 5,2020-11-23 21:17:26,
Sarah,Pinocchio,thumb,,2,HTML 5,2020-11-23 21:16:17,
Sarah,Dream High,thumb,,2,HTML 5,2020-11-23 21:15:38,
Sarah,The Loud House,thumb,,2,HTML 5,2020-11-23 21:13:30,
Sarah,Home Alone,thumb,,2,HTML 5,2020-11-23 21:09:55,
Sarah,The Truman Show,thumb,,2,HTML 5,2020-11-23 21:09:43,
Sarah,Teen Wolf,thumb,,2,HTML 5,2020-11-18 00:45:54,
Sarah,Brooklyn Nine-Nine,thumb,,2,HTML 5,2020-11-11 12:51:53,
Sarah,Shirkers,thumb,,2,HTML 5,2020-10-30 15:50:07,
Sarah,Sherina's Adventure,thumb,,2,HTML 5,2020-10-30 15:28:16,
Sarah,The Polar Express,thumb,,2,HTML 5,2020-10-30 15:27:36,
Sarah,Hugo,thumb,,2,HTML 5,2020-10-29 13:47:43,
Sarah,3 Idiots,thumb,,2,HTML 5,2020-10-29 13:47:25,
Sarah,Back to the Future,thumb,,2,HTML 5,2020-10-28 17:50:38,
Sarah,Inception,thumb,,2,HTML 5,2020-10-28 17:50:19,
Sarah,Ready Player One,thumb,,2,HTML 5,2020-10-28 17:50:04,
Sarah,Spider-Man: Far from Home,thumb,,2,HTML 5,2020-10-28 17:49:51,
Sarah,Sherlock Holmes,thumb,,2,HTML 5,2020-10-28 17:49:45,
Sarah,Little Women,thumb,,2,HTML 5,2020-10-28 17:47:05,
Sarah,The Social Dilemma,thumb,,2,HTML 5,2020-10-28 17:46:44,
Sarah,Misaeng: Incomplete Life,thumb,,2,HTML 5,2020-10-28 17:44:43,
Sarah,Stranger Things,thumb,,2,HTML 5,2020-10-28 01:57:17,
Sarah,Enola Holmes,thumb,,2,HTML 5,2020-10-28 01:57:09,
Sarah,Bad Genius,thumb,,2,HTML 5,2020-10-28 01:57:02,
Sarah,We Bare Bears,thumb,,2,HTML 5,2020-10-27 15:51:24,
Sarah,Who Are You: School 2015,thumb,,2,HTML 5,2020-10-27 15:51:06,
Sarah,Another,thumb,,2,HTML 5,2020-10-27 15:50:30,
Sarah,Rise of the Guardians,thumb,,2,HTML 5,2020-10-27 13:22:04,
Sarah,Kiki’s Delivery Service,thumb,,2,HTML 5,2020-10-27 13:21:56,
Sarah,Ocean Waves,thumb,,2,HTML 5,2020-10-27 13:21:44,
Sarah,Arrietty,thumb,,2,HTML 5,2020-10-27 13:21:35,
Sarah,Ponyo,thumb,,2,HTML 5,2020-10-27 13:21:28,
Sarah,Whisper of the Heart,thumb,,2,HTML 5,2020-10-27 13:21:23,
Sarah,The Tale of The Princess Kaguya,thumb,,2,HTML 5,2020-10-27 13:21:15,
Sarah,When Marnie Was There,thumb,,2,HTML 5,2020-10-27 13:21:05,
Sarah,Check the Store Next Door,thumb,,2,HTML 5,2020-10-27 13:20:55,
Sarah,My Neighbor Totoro,thumb,,2,HTML 5,2020-10-27 13:20:50,
Sarah,Spirited Away,thumb,,2,HTML 5,2020-10-27 13:20:38,
Sarah,Marriage Story,thumb,,2,HTML 5,2020-10-25 12:59:08,
Sarah,Ocean's 8,thumb,,2,HTML 5,2020-10-25 12:57:43,
Sarah,The Umbrella Academy,thumb,,2,HTML 5,2020-10-25 12:56:18,
