Profile Name,Country Iso Code,Device,Is Kids,Query Typed,Displayed Name,Action,Section,Utc Timestamp
Juan,ID,Android Tablet,0,stair,The Staircase,view_video_info,title_results,2021-07-26 09:10:38
Juan,ID,Android Tablet,0,stair,,view_video_info,title_results,2021-07-26 09:10:30
Juan,ID,Android Tablet,0,stair,Nancy Drew and the Hidden Staircase,view_video_info,title_results,2021-07-26 09:10:17
Juan,ID,Android Tablet,0,stair,The Staircase,view_video_info,title_results,2021-07-26 09:10:14
Juan,ID,Android Phone,0,true detec,,play,suggestion_title_results,2021-07-25 14:28:52
Juan,ID,Android Phone,0,true detec,Sherlock,view_video_info,suggestion_title_results,2021-07-25 14:28:51
Juan,ID,Android Phone,0,true detec,,play,suggestion_title_results,2021-07-25 14:28:27
Juan,ID,Android Phone,0,true detec,Sherlock,view_video_info,suggestion_title_results,2021-07-25 14:28:24
Juan,ID,Android Phone,0,true detec,,play,suggestion_title_results,2021-07-25 14:28:12
Juan,ID,Android Phone,0,true detec,The Valhalla Murders,view_video_info,suggestion_title_results,2021-07-25 14:28:10
Juan,ID,Android Phone,0,true detec,The Interpreter,view_video_info,suggestion_title_results,2021-07-25 14:27:40
Juan,ID,Android Phone,0,true detec,,play,suggestion_title_results,2021-07-25 14:27:26
Juan,ID,Android Phone,0,true detec,,play,suggestion_title_results,2021-07-25 14:26:32
Juan,ID,Android Phone,0,true detec,Creating The Queen's Gambit,view_video_info,suggestion_title_results,2021-07-25 14:26:30
Juan,ID,Android Phone,0,true detec,,play,suggestion_title_results,2021-07-25 14:25:57
Juan,ID,Android Phone,0,true detec,Creating The Queen's Gambit,view_video_info,suggestion_title_results,2021-07-25 14:25:55
Juan,ID,Android Phone,0,true detec,,play,suggestion_title_results,2021-07-25 14:25:03
Juan,ID,Android Phone,0,true detec,The Dark Tower,view_video_info,suggestion_title_results,2021-07-25 14:24:57
Juan,ID,Android Phone,0,true detec,Eat Pray Love,view_video_info,suggestion_title_results,2021-07-25 14:24:40
Juan,ID,Android Phone,0,true detec,The King,view_video_info,suggestion_title_results,2021-07-25 14:24:35
Juan,ID,Android Phone,0,true detec,Unbelievable,view_video_info,suggestion_title_results,2021-07-25 14:23:57
Juan,ID,Android Phone,0,sexy beas,Sexy Beasts,play,suggestion_title_results,2021-07-25 04:53:28
Juan,ID,Android Phone,0,sexy beas,Sexy Beasts,play,suggestion_title_results,2021-07-25 04:53:25
Juan,ID,Android Phone,0,sexy beas,,play,suggestion_title_results,2021-07-25 04:53:24
Juan,ID,Android Phone,0,sexy beas,Sexy Beasts,view_video_info,suggestion_title_results,2021-07-25 04:53:21
Juan,ID,Android Phone,0,dark,Dark,play,video_info,2021-07-24 09:02:39
Juan,ID,Android Phone,0,dark,Dark,play,suggestion_title_results,2021-07-24 09:02:33
Juan,ID,Android Phone,0,dark,Dark,play,suggestion_title_results,2021-07-24 09:02:31
Juan,ID,Android Phone,0,dark,,play,suggestion_title_results,2021-07-24 09:02:24
Juan,ID,Android Phone,0,dark,Dark,view_video_info,suggestion_title_results,2021-07-24 09:02:23
Juan,ID,Android Phone,0,how t tra,,play,suggestion_title_results,2021-07-22 18:10:40
Juan,ID,Android Phone,0,how t tra,,view_video_info,suggestion_title_results,2021-07-22 18:10:37
Juan,ID,Android Phone,0,how t tra,,play,video_info,2021-07-22 18:01:33
Juan,ID,Android Phone,0,how t tra,,play,suggestion_title_results,2021-07-22 18:01:32
Juan,ID,Android Phone,0,how t tra,,play,suggestion_title_results,2021-07-22 18:01:22
Juan,ID,Android Phone,0,how t tra,,view_video_info,suggestion_title_results,2021-07-22 18:01:20
Juan,ID,Android Phone,0,how t tra,,play,video_info,2021-07-22 18:00:49
Juan,ID,Android Phone,0,how t tra,,view_video_info,suggestion_title_results,2021-07-22 18:00:46
Juan,ID,Android Phone,0,how t tra,,play,video_info,2021-07-22 17:44:29
Juan,ID,Android Phone,0,how t tra,,play,suggestion_title_results,2021-07-22 17:44:29
Juan,ID,Android Phone,0,how t tra,,play,suggestion_title_results,2021-07-22 17:44:27
Juan,ID,Android Phone,0,how t tra,,view_video_info,suggestion_title_results,2021-07-22 17:44:26
Juan,ID,Android Phone,0,how t tra,,play,suggestion_title_results,2021-07-22 17:43:46
Juan,ID,Android Phone,0,how t tra,,play,suggestion_title_results,2021-07-22 17:43:45
Juan,ID,Android Phone,0,how t tra,,play,suggestion_title_results,2021-07-22 17:43:36
Juan,ID,Android Phone,0,how t tra,,view_video_info,suggestion_title_results,2021-07-22 17:43:33
Juan,ID,Android Phone,0,how t tra,How to Train Your Dragon: The Hidden World,play,video_info,2021-07-22 17:39:19
Juan,ID,Android Phone,0,how t tra,How to Train Your Dragon: The Hidden World,view_video_info,suggestion_title_results,2021-07-22 17:39:16
Juan,ID,Android Phone,0,murder next door,The Devil Next Door,play,suggestion_title_results,2021-07-20 17:50:47
Juan,ID,Android Phone,0,murder next door,The Devil Next Door,play,suggestion_title_results,2021-07-20 17:50:45
Juan,ID,Android Phone,0,murder next door,,play,suggestion_title_results,2021-07-20 17:50:43
Juan,ID,Android Phone,0,murder next door,The Devil Next Door,view_video_info,suggestion_title_results,2021-07-20 17:50:37
Juan,ID,Android Phone,0,never,"Nevertheless,",play,video_info,2021-07-20 11:08:50
Juan,ID,Android Phone,0,never,"Nevertheless,",play,suggestion_title_results,2021-07-20 11:08:47
Juan,ID,Android Phone,0,never,"Nevertheless,",play,suggestion_title_results,2021-07-20 11:08:46
Juan,ID,Android Phone,0,never,,play,suggestion_title_results,2021-07-20 11:08:44
Juan,ID,Android Phone,0,never,"Nevertheless,",view_video_info,suggestion_title_results,2021-07-20 11:08:41
Juan,ID,Android Phone,0,sophi,Sophie: A Murder in West Cork,play,suggestion_title_results,2021-07-17 17:58:20
Juan,ID,Android Phone,0,sophi,Sophie: A Murder in West Cork,view_video_info,suggestion_title_results,2021-07-17 17:58:15
Juan,ID,Android Tablet,0,sop,Sophie: A Murder in West Cork,view_video_info,title_results,2021-07-17 17:38:20
Juan,ID,Android Tablet,0,liar ,Liar Liar,play,video_info,2021-07-16 19:48:02
Juan,ID,Android Tablet,0,liar ,Liar Liar,view_video_info,title_results,2021-07-16 19:47:51
Juan,ID,Android Phone,0,sexli,Sex/Life,play,video_info,2021-07-16 15:26:49
Juan,ID,Android Phone,0,sexli,Sex/Life,play,suggestion_title_results,2021-07-16 15:26:44
Juan,ID,Android Phone,0,sexli,Sex/Life,play,suggestion_title_results,2021-07-16 15:26:40
Juan,ID,Android Phone,0,sexli,,play,suggestion_title_results,2021-07-16 15:26:35
Juan,ID,Android Phone,0,sexli,Sex/Life,view_video_info,suggestion_title_results,2021-07-16 15:26:31
Juan,ID,Android Phone,0,12 ang,,play,video_info,2021-07-16 15:23:01
Juan,ID,Android Phone,0,12 ang,,play,suggestion_title_results,2021-07-16 15:23:00
Juan,ID,Android Phone,0,12 ang,,view_video_info,suggestion_title_results,2021-07-16 15:22:49
Juan,ID,Android Phone,0,12 ang,,play,suggestion_title_results,2021-07-16 15:22:25
Juan,ID,Android Phone,0,12 ang,,view_video_info,suggestion_title_results,2021-07-16 15:22:11
Juan,ID,Android Phone,0,12 ang,,view_video_info,suggestion_title_results,2021-07-16 15:22:08
Juan,ID,Android Phone,0,12 ang,,view_video_info,suggestion_title_results,2021-07-16 15:22:01
Juan,ID,Android Phone,0,12 ang,,view_video_info,suggestion_title_results,2021-07-16 15:21:46
Juan,ID,Android Phone,0,12 ang,The Shawshank Redemption,view_video_info,suggestion_title_results,2021-07-16 15:21:38
Juan,ID,Android Phone,0,,The 8th Night,view_video_info,popularSearches,2021-07-16 15:16:11
Juan,ID,HTML 5,0,sophie,,play,title_results,2021-07-15 02:41:25
Juan,ID,Android Phone,0,sophie,Sophie: A Murder in West Cork,play,suggestion_title_results,2021-07-14 17:43:37
Juan,ID,Android Phone,0,sophie,Sophie: A Murder in West Cork,view_video_info,suggestion_title_results,2021-07-14 17:43:31
Juan,ID,Android Phone,0,demon,Demon Slayer: Kimetsu no Yaiba,view_video_info,suggestion_title_results,2021-06-29 04:39:36
Juan,ID,HTML 5,0,dark,Dark,play,title_results,2021-06-28 16:12:17
Juan,ID,HTML 5,0,sex,Sexify,play,title_results,2021-06-05 17:37:13
Juan,ID,Android Phone,0,tell me who ,,play,suggestion_title_results,2021-05-30 07:05:57
Juan,ID,Android Phone,0,tell me who ,The Last Days,view_video_info,suggestion_title_results,2021-05-30 07:05:51
Juan,ID,Android Phone,0,tell me who ,,play,suggestion_title_results,2021-05-30 07:05:47
Juan,ID,Android Phone,0,tell me who ,,play,suggestion_title_results,2021-05-30 07:05:45
Juan,ID,Android Phone,0,tell me who ,,view_video_info,suggestion_title_results,2021-05-30 07:05:43
Juan,ID,Android Phone,0,tell me who ,,play,suggestion_title_results,2021-05-30 07:05:36
Juan,ID,Android Phone,0,tell me who ,Canvas,view_video_info,suggestion_title_results,2021-05-30 07:05:31
Juan,ID,Android Phone,0,tell me who ,,play,suggestion_title_results,2021-05-30 07:05:12
Juan,ID,Android Phone,0,tell me who ,Tell Me Who I Am,view_video_info,suggestion_title_results,2021-05-30 07:05:07
Juan,ID,Android Phone,0,nobody,,play,suggestion_title_results,2021-05-15 05:53:09
Juan,ID,Android Phone,0,nobody,Sexify,view_video_info,suggestion_title_results,2021-05-15 05:53:02
Juan,ID,Android Phone,0,nobody,,play,suggestion_title_results,2021-05-15 05:52:53
Juan,ID,Android Phone,0,nobody,Night in Paradise,view_video_info,suggestion_title_results,2021-05-15 05:52:45
Juan,ID,Android Phone,0,jokoy,,play,suggestion_title_results,2021-04-16 14:37:01
Juan,ID,Android Phone,0,jokoy,Jo Koy: Comin' In Hot,view_video_info,suggestion_title_results,2021-04-16 14:37:00
Juan,ID,Android Phone,0,daniel sloss,,play,suggestion_title_results,2021-04-16 14:36:27
Juan,ID,Android Phone,0,daniel sloss,Bill Burr: Paper Tiger,view_video_info,suggestion_title_results,2021-04-16 14:36:25
Juan,ID,Android Phone,0,daniel sloss,,play,suggestion_title_results,2021-04-16 14:36:05
Juan,ID,Android Phone,0,daniel sloss,Daniel Sloss: Live Shows,view_video_info,suggestion_title_results,2021-04-16 14:36:02
Juan,ID,Android Phone,0,jason leong,Dr Jason Leong Hashtag Blessed,view_video_info,suggestion_title_results,2021-04-16 14:34:49
Juan,ID,Android Phone,0,silent voice,,play,video_info,2021-04-10 17:52:21
Juan,ID,Android Phone,0,silent voice,,view_video_info,title_results,2021-04-10 17:52:15
Juan,ID,Android Phone,0,grave of the firefl,,view_video_info,title_results,2021-04-10 17:50:36
Juan,ID,Android Phone,0,grave of the firefl,,view_video_info,title_results,2021-04-10 17:50:30
Juan,ID,Android Phone,0,uncontroll,Uncontrollably Fond,view_video_info,title_results,2021-03-28 15:15:45
Juan,ID,Android Phone,0,get out,,play,title_results,2021-03-28 13:17:22
Juan,ID,Android Phone,0,get out,The Ritual,view_video_info,title_results,2021-03-28 13:17:19
Juan,ID,Android Tablet,0,witch,The Charming Stepmom,view_video_info,title_results,2021-03-26 15:56:47
Juan,ID,Android Tablet,0,witch,The New Legends of Monkey,view_video_info,title_results,2021-03-26 15:56:00
Juan,ID,Android Tablet,0,witch,The Worst Witch,view_video_info,title_results,2021-03-26 15:55:50
Juan,ID,Android Phone,0,devils,Us,view_video_info,title_results,2021-03-18 15:59:15
Juan,ID,Android Phone,0,devils,The Devil's Advocate,play,video_info,2021-03-18 15:27:03
Juan,ID,Android Phone,0,devils,The Devil's Advocate,play,title_results,2021-03-18 15:26:59
Juan,ID,Android Phone,0,devils,American Beauty,view_video_info,title_results,2021-03-18 15:26:39
Juan,ID,Android Phone,0,devils,Searching for Bobby Fischer,view_video_info,title_results,2021-03-18 15:26:21
Juan,ID,Android Phone,0,devils,"Mary, Queen of Scots",view_video_info,title_results,2021-03-18 15:26:07
Juan,ID,Android Phone,0,devils,Welcome to Marwen,view_video_info,title_results,2021-03-18 15:25:56
Juan,ID,Android Phone,0,devils,The Devil's Advocate,view_video_info,title_results,2021-03-18 15:25:36
Juan,ID,Android Phone,0,devils,Devils' Line,view_video_info,title_results,2021-03-18 15:25:23
Juan,ID,Android Phone,0,devils,The Devil's Advocate,view_video_info,title_results,2021-03-18 15:25:14
Juan,ID,Android Phone,0,the one,,play,title_results,2021-03-14 08:39:23
Juan,ID,Android Phone,0,the one,The One,view_video_info,title_results,2021-03-14 08:39:20
Juan,ID,Android Phone,0,penthouse,Penthouse,view_video_info,title_results,2021-03-12 18:10:26
Juan,ID,Android Phone,0,penthouse,Penthouse,view_video_info,title_results,2021-03-12 18:05:44
Juan,ID,Android Phone,0,penthouse,Sweet Home,view_video_info,title_results,2021-03-12 18:05:10
Juan,ID,Android Phone,0,penthouse,Penthouse,view_video_info,title_results,2021-03-12 18:05:02
Juan,ID,Android Phone,0,penthouse,Start-Up,view_video_info,title_results,2021-03-12 18:04:01
Juan,ID,Android Phone,0,penthouse,Penthouse,view_video_info,title_results,2021-03-12 18:03:58
Juan,ID,Android Phone,0,mystic pop,,view_video_info,title_results,2021-02-20 18:10:26
Juan,ID,Android Phone,0,mystic pop,,play,title_results,2021-02-20 18:10:11
Juan,ID,Android Phone,0,mystic pop,Mystic Pop-up Bar,view_video_info,title_results,2021-02-20 18:10:07
Juan,ID,Android Phone,0,the man who knew,The Two Popes,view_video_info,title_results,2021-02-06 14:50:27
Juan,ID,Android Phone,0,the man who knew,Canvas,view_video_info,title_results,2021-02-06 14:49:43
Juan,ID,Android Phone,0,,The Uncanny Counter,play,video_info,2021-01-20 18:39:23
Juan,ID,Android Phone,0,,The Uncanny Counter,play,popularSearches,2021-01-20 18:39:21
Juan,ID,Android Phone,0,,The Uncanny Counter,play,video_info,2021-01-20 18:39:17
Juan,ID,Android Phone,0,,The Uncanny Counter,view_video_info,popularSearches,2021-01-20 18:39:14
Juan,ID,Android Phone,0,noragami aragoto,B: The Beginning,view_video_info,title_results,2021-01-15 06:08:25
Juan,ID,Android Phone,0,noragami aragoto,Darling in the Franxx,view_video_info,title_results,2021-01-15 06:08:00
Juan,ID,Android Phone,0,noragami aragoto,Toradora!,view_video_info,title_results,2021-01-15 06:07:49
Juan,ID,Android Phone,0,noragami aragoto,Is It Wrong to Try to Pick Up Girls in a Dungeon?,view_video_info,title_results,2021-01-15 06:07:24
Juan,ID,Android Phone,0,noragami aragoto,Newness,view_video_info,title_results,2021-01-15 06:06:50
Juan,ID,Android Phone,0,no game no life,No Game No Life,view_video_info,title_results,2021-01-15 06:06:15
Juan,ID,Android Phone,0,kakeguruj,Kakegurui,view_video_info,title_results,2021-01-12 18:48:00
Juan,ID,Android Phone,0,,Alice in Borderland,play,popularSearches,2021-01-05 01:13:32
Juan,ID,Android Phone,0,,Alice in Borderland,play,video_info,2021-01-05 01:13:28
Juan,ID,Android Phone,0,,Alice in Borderland,view_video_info,popularSearches,2021-01-05 01:13:26
Juan,ID,Android Tablet,0,cats,Don't F**k with Cats: Hunting an Internet Killer,play,video_info,2020-12-26 08:14:42
Juan,ID,Android Tablet,0,cats,Don't F**k with Cats: Hunting an Internet Killer,play,title_results,2020-12-26 08:14:37
Juan,ID,Android Tablet,0,cats,Don't F**k with Cats: Hunting an Internet Killer,play,title_results,2020-12-26 08:14:18
Juan,ID,Android Tablet,0,cats,Don't F**k with Cats: Hunting an Internet Killer,play,video_info,2020-12-26 07:25:30
Juan,ID,Android Tablet,0,cats,Don't F**k with Cats: Hunting an Internet Killer,play,title_results,2020-12-26 07:03:39
Juan,ID,Android Tablet,0,cats,Don't F**k with Cats: Hunting an Internet Killer,play,video_info,2020-12-26 07:03:38
Juan,ID,Android Tablet,0,cats,Don't F**k with Cats: Hunting an Internet Killer,view_video_info,title_results,2020-12-26 07:03:35
Juan,ID,HTML 5,0,girl from,Girl from Nowhere,play,title_results,2020-12-25 10:38:46
Juan,ID,Android Phone,0,twilight,Milly & Mamet,view_video_info,title_results,2020-11-04 17:28:30
Juan,ID,Android Phone,0,twilight,17 Again,view_video_info,title_results,2020-11-04 17:28:10
Juan,ID,Android Phone,0,horror,Rasuk,view_video_info,title_results,2020-10-28 03:06:52
Juan,ID,Android Tablet,0,ih ramona,"Oh, Ramona!",play,video_info,2020-10-27 16:26:22
Juan,ID,Android Tablet,0,ih ramona,"Oh, Ramona!",view_video_info,title_results,2020-10-27 16:26:20
Juan,ID,Android Phone,0,emily,Emily in Paris,view_video_info,title_results,2020-10-27 13:02:23
Juan,ID,Android Phone,0,emily in,Emily in Paris,view_video_info,title_results,2020-10-27 12:44:46
Juan,ID,Android Tablet,0,ramona,"Oh, Ramona!",view_video_info,title_results,2020-10-26 16:36:54
Juan,ID,Android Tablet,0,ramona,,view_video_info,title_results,2020-10-26 16:35:23
Juan,ID,Android Tablet,0,ramona,365 Days,view_video_info,title_results,2020-10-26 16:35:07
Juan,ID,Android Phone,0,start,Start-Up,view_video_info,title_results,2020-10-20 01:09:14
Juan,ID,Android Phone,0,hillb,,view_video_info,title_results,2020-10-15 04:34:07
Juan,ID,Android Phone,0,hillb,,view_video_info,title_results,2020-10-15 04:33:57
Juan,ID,Android Phone,0,hillb,,view_video_info,title_results,2020-10-15 04:33:44
Juan,ID,Android Phone,0,hillb,,view_video_info,title_results,2020-10-15 04:33:38
Juan,ID,Android Phone,0,hillb,,view_video_info,title_results,2020-10-15 04:33:29
Juan,ID,Android Phone,0,hillb,The Irishman,view_video_info,title_results,2020-10-15 04:33:20
Juan,ID,Android Phone,0,hillb,The Last Thing He Wanted,view_video_info,title_results,2020-10-15 04:33:07
Juan,ID,Android Phone,0,hillb,Enola Holmes,view_video_info,title_results,2020-10-15 04:33:01
Juan,ID,Android Phone,0,hillb,The Haunting of Hill House,view_video_info,title_results,2020-10-15 04:32:47
Juan,ID,Android Phone,0,hillb,The Haunting of Bly Manor,view_video_info,title_results,2020-10-15 04:32:45
Juan,ID,Android Phone,0,hillb,Hillbilly Elegy,view_video_info,title_results,2020-10-15 04:32:39
Juan,ID,Android Phone,0,girl from,Girl from Nowhere,view_video_info,title_results,2020-10-06 20:26:43
Juan,ID,Android Phone,0,,Sherlock,play,video_info,2020-10-05 23:02:44
Juan,ID,Android Phone,0,,Sherlock,view_video_info,popularSearches,2020-10-05 23:02:35
Juan,ID,Android Phone,0,the invisible guest,Lost Girls,view_video_info,title_results,2020-10-05 21:54:41
Juan,ID,Android Phone,0,the invisible guest,Mirage,view_video_info,title_results,2020-10-05 21:54:32
Juan,ID,Android Phone,0,bean,Johnny English,view_video_info,title_results,2020-10-05 19:16:45
Juan,ID,Android Phone,0,control z,Never Have I Ever,view_video_info,title_results,2020-10-04 00:14:48
Juan,ID,Android Phone,0,control z,Dare Me,view_video_info,title_results,2020-10-04 00:14:37
Juan,ID,Android Phone,0,control z,The 100,view_video_info,title_results,2020-10-04 00:14:28
Juan,ID,Android Phone,0,control z,13 Reasons Why,view_video_info,title_results,2020-10-04 00:14:08
Juan,ID,Android Phone,0,control z,Dynasty,view_video_info,title_results,2020-10-04 00:13:48
Juan,ID,Android Phone,0,control z,Control Z,view_video_info,title_results,2020-10-04 00:13:29
Juan,ID,Android Phone,0,ratched,Ratched,view_video_info,title_results,2020-10-03 21:55:18
Juan,ID,Android Phone,0,tge sch,The School Nurse Files,view_video_info,title_results,2020-10-03 19:09:55
Juan,ID,Android Phone,0,school,,view_video_info,title_results,2020-10-02 21:30:24
Juan,ID,Android Phone,0,school,,view_video_info,title_results,2020-10-02 21:30:13
Juan,ID,Android Phone,0,school,The School Nurse Files,view_video_info,title_results,2020-10-02 21:29:06
Juan,ID,Android Phone,0,ladybird,Lady Bird,view_video_info,title_results,2020-10-02 19:02:14
Juan,ID,Android Phone,0,arriv,The Platform,view_video_info,title_results,2020-10-02 18:15:04
Juan,ID,Android Phone,0,arriv,,view_video_info,title_results,2020-10-02 18:14:55
Juan,ID,Android Phone,0,arriv,The Platform,view_video_info,title_results,2020-10-02 18:14:37
Juan,ID,Android Phone,0,prison,The 100,view_video_info,title_results,2020-10-02 18:12:11
Juan,ID,Android Phone,0,birdm,The Big Lebowski,view_video_info,title_results,2020-10-02 18:11:02
Juan,ID,Android Phone,0,birdm,,view_video_info,title_results,2020-10-02 18:09:57
Juan,ID,Android Phone,0,birdm,The Irishman,view_video_info,title_results,2020-10-02 18:09:49
Juan,ID,Android Phone,0,birdm,Birdman or (The Unexpected Virtue of Ignorance),view_video_info,title_results,2020-10-02 18:08:04
Juan,ID,Android Phone,0,last ch,The Knight Before Christmas,view_video_info,title_results,2020-10-01 21:08:56
Juan,ID,Android Phone,0,bad,Bad Genius,play,video_info,2020-09-29 20:08:36
Juan,ID,Android Phone,0,bad,Bad Genius,view_video_info,title_results,2020-09-29 20:08:32
Juan,ID,HTML 5,0,jason leong,Dr Jason Leong Hashtag Blessed,play,title_results,2020-09-26 13:02:00
Juan,ID,HTML 5,0,jason leong,Whipped,play,title_results,2020-09-26 12:12:45
Juan,ID,Android Phone,0,queens ga,The Queen's Gambit,view_video_info,title_results,2020-09-24 17:11:12
Juan,ID,Android Phone,0,,,view_video_info,popularSearches,2020-09-23 20:02:47
Juan,ID,Android Phone,0,,The Babysitter,view_video_info,popularSearches,2020-09-23 20:02:39
Juan,ID,Android Phone,0,jason ,,view_video_info,suggestion_title_results,2020-09-23 19:11:41
Juan,ID,Android Phone,0,jason ,,view_video_info,suggestion_title_results,2020-09-23 19:11:37
Juan,ID,Android Phone,0,jason ,,view_video_info,title_results,2020-09-23 19:11:31
Juan,ID,Android Phone,0,jason le,,play,video_info,2020-09-23 17:41:51
Juan,ID,Android Phone,0,jason le,,view_video_info,title_results,2020-09-23 17:41:47
Juan,ID,Android Phone,0,jason le,Johnny English Reborn,view_video_info,title_results,2020-09-23 17:41:43
Juan,ID,Android Phone,0,jas,Dr Jason Leong Hashtag Blessed,view_video_info,title_results,2020-09-21 19:48:14
Juan,ID,Android Phone,0,chicago,Chicago Typewriter,view_video_info,title_results,2020-09-16 04:42:20
Juan,ID,Android Phone,0,chicago,The Trial of the Chicago 7,view_video_info,title_results,2020-09-16 04:42:17
Juan,ID,Android Phone,0,theo,The Theory of Everything,view_video_info,title_results,2020-09-14 20:09:52
Juan,ID,Android Phone,0,catch,Catch Me If You Can,view_video_info,title_results,2020-09-13 07:17:09
Juan,ID,Android Phone,0,armag,The Green Mile,view_video_info,title_results,2020-09-11 08:01:24
Juan,ID,Android Phone,0,armag,Gladiator,view_video_info,title_results,2020-09-11 08:01:19
Juan,ID,Android Phone,0,,#Alive,view_video_info,popularSearches,2020-09-10 09:24:11
Juan,ID,Android Phone,0,#ali,#Alive,play,video_info,2020-09-09 13:11:23
Juan,ID,Android Phone,0,#ali,#Alive,view_video_info,title_results,2020-09-09 13:11:12
Juan,ID,Android Phone,0,the presti,Catch Me If You Can,view_video_info,title_results,2020-09-05 08:16:13
Juan,ID,Android Phone,0,the presti,Dunkirk,view_video_info,title_results,2020-09-05 08:16:04
Juan,ID,Android Phone,0,the presti,Concussion,view_video_info,title_results,2020-09-05 08:15:39
Juan,ID,Android Phone,0,criminal,Two Cops,view_video_info,title_results,2020-09-04 06:34:47
Juan,ID,Android Phone,0,criminal,Sherlock,view_video_info,title_results,2020-09-04 06:34:40
Juan,ID,Android Phone,0,criminal,MINDHUNTER,view_video_info,title_results,2020-09-04 06:34:33
Juan,ID,Android Phone,0,criminal,Criminal: France,view_video_info,title_results,2020-09-04 06:34:30
Juan,ID,Android Phone,0,criminal,Criminal: Germany,view_video_info,title_results,2020-09-04 06:34:26
Juan,ID,Android Phone,0,criminal,Criminal: Spain,view_video_info,title_results,2020-09-04 06:34:21
Juan,ID,Android Phone,0,criminal,Criminal: UK,view_video_info,title_results,2020-09-04 06:34:04
Juan,ID,Android Phone,0,criminal,Murder Mystery,view_video_info,title_results,2020-09-04 06:33:58
Juan,ID,Android Phone,0,john,,play,title_results,2020-09-03 11:52:10
Juan,ID,Android Phone,0,john,,view_video_info,title_results,2020-09-03 11:51:48
Juan,ID,Android Phone,0,john,,view_video_info,title_results,2020-09-03 11:51:28
Juan,ID,Android Phone,0,john,Johnny English Reborn,view_video_info,title_results,2020-09-03 11:51:11
Juan,ID,Android Phone,0,in the tall,In the Tall Grass,play,video_info,2020-09-03 04:06:57
Juan,ID,Android Phone,0,in the tall,In the Tall Grass,view_video_info,title_results,2020-09-03 04:06:55
Juan,ID,Android Phone,0,project ,,view_video_info,title_results,2020-09-01 17:24:09
Juan,ID,Android Phone,0,project ,Bloodshot,view_video_info,title_results,2020-09-01 17:23:55
Juan,ID,Android Phone,0,project ,Bad Boys for Life,view_video_info,title_results,2020-09-01 17:23:50
Juan,ID,Android Phone,0,project ,,view_video_info,title_results,2020-09-01 17:23:44
Juan,ID,Android Phone,0,project ,Ocean's 8,view_video_info,title_results,2020-09-01 17:23:37
Juan,ID,Android Phone,0,project ,,view_video_info,title_results,2020-09-01 17:23:19
Juan,ID,Android Phone,0,project ,,view_video_info,title_results,2020-09-01 17:23:08
Juan,ID,Android Phone,0,project ,,view_video_info,title_results,2020-09-01 17:23:00
Juan,ID,Android Phone,0,project ,,view_video_info,title_results,2020-09-01 17:22:49
Juan,ID,Android Phone,0,project ,,view_video_info,title_results,2020-09-01 17:22:40
Juan,ID,Android Phone,0,project ,,view_video_info,title_results,2020-09-01 17:22:31
Juan,ID,Android Phone,0,project ,,view_video_info,title_results,2020-09-01 17:22:12
Juan,ID,Android Phone,0,project ,,view_video_info,title_results,2020-09-01 17:22:00
Juan,ID,Android Phone,0,project ,,view_video_info,title_results,2020-09-01 17:21:49
Juan,ID,Android Phone,0,project ,,view_video_info,title_results,2020-09-01 17:21:39
Juan,ID,Android Phone,0,project ,,view_video_info,title_results,2020-09-01 17:21:31
Juan,ID,Android Phone,0,project ,,view_video_info,title_results,2020-09-01 17:21:13
Juan,ID,Android Phone,0,project ,Time Trap,view_video_info,title_results,2020-09-01 17:20:56
Juan,ID,Android Phone,0,project ,Project Power,view_video_info,title_results,2020-09-01 17:20:40
Juan,ID,Android Phone,0,into the gra,,view_video_info,title_results,2020-09-01 17:19:39
Juan,ID,Android Phone,0,into the gra,In the Tall Grass,view_video_info,title_results,2020-09-01 17:19:25
Juan,ID,Android Phone,0,into the gra,Don't Breathe,view_video_info,title_results,2020-09-01 17:19:20
Juan,ID,Android Phone,0,into the gra,Bird Box,view_video_info,title_results,2020-09-01 17:19:10
Juan,ID,Android Phone,0,dark,Dark,play,video_info,2020-08-29 12:27:27
Juan,ID,Android Phone,0,dark,Dark,view_video_info,title_results,2020-08-29 12:21:03
Juan,ID,Android Phone,0,book ,,view_video_info,title_results,2020-08-24 19:46:27
Juan,ID,Android Phone,0,book ,,view_video_info,title_results,2020-08-24 19:46:16
Juan,ID,Android Phone,0,book ,The Book of Eli,play,video_info,2020-08-24 17:54:05
Juan,ID,Android Phone,0,book ,The Book of Eli,view_video_info,title_results,2020-08-24 17:53:57
Juan,ID,Android Phone,0,enola hol,Enola Holmes,view_video_info,title_results,2020-08-19 12:04:10
Juan,ID,Android Phone,0,great pretender,Great Pretender,view_video_info,title_results,2020-08-17 07:53:48
Juan,ID,Android Phone,0,the devil al,The Devil All The Time,view_video_info,title_results,2020-08-17 07:51:24
Juan,ID,Android Phone,0,the dev,The Devil Wears Prada,view_video_info,title_results,2020-08-17 07:51:12
Juan,ID,Android Phone,0,the sound,The Sound of Your Heart,play,video_info,2020-08-14 13:11:19
Juan,ID,Android Phone,0,the sound,The Sound of Your Heart,view_video_info,title_results,2020-08-14 13:01:32
Juan,ID,Android Phone,0,tunnel,Tunnel,view_video_info,title_results,2020-08-08 09:28:50
Juan,ID,Android Phone,0,absttr,Abstract: The Art of Design,view_video_info,title_results,2020-08-04 20:25:31
Juan,ID,Android Phone,0,mr bean,Monster House,view_video_info,title_results,2020-08-03 18:50:02
Juan,ID,Android Phone,0,johny en,,view_video_info,title_results,2020-08-03 16:57:40
Juan,ID,Android Phone,0,johny en,,view_video_info,title_results,2020-08-03 16:57:33
Juan,ID,Android Phone,0,johny en,,view_video_info,title_results,2020-08-03 16:57:22
Juan,ID,Android Phone,0,johny en,,view_video_info,title_results,2020-08-03 16:57:18
Juan,ID,Android Phone,0,johny en,,view_video_info,title_results,2020-08-03 16:56:55
Juan,ID,Android Phone,0,johny en,,view_video_info,title_results,2020-08-03 16:56:53
Juan,ID,Android Phone,0,johny en,,view_video_info,title_results,2020-08-03 16:56:48
Juan,ID,Android Phone,0,johny en,,view_video_info,title_results,2020-08-03 16:56:40
Juan,ID,Android Phone,0,johny en,,view_video_info,title_results,2020-08-03 16:56:33
Juan,ID,Android Phone,0,johny en,,view_video_info,title_results,2020-08-03 16:56:27
Juan,ID,Android Phone,0,johny en,,view_video_info,title_results,2020-08-03 16:56:19
Juan,ID,Android Phone,0,johny en,,view_video_info,title_results,2020-08-03 16:56:08
Juan,ID,Android Phone,0,johny en,,view_video_info,title_results,2020-08-03 16:56:00
Juan,ID,Android Phone,0,johny en,,view_video_info,title_results,2020-08-03 16:55:56
Juan,ID,Android Phone,0,johny en,Porco Rosso,view_video_info,title_results,2020-08-03 16:55:50
Juan,ID,Android Phone,0,johny en,Love is Blind,view_video_info,title_results,2020-08-03 16:55:42
Juan,ID,Android Phone,0,johny en,Spy,view_video_info,title_results,2020-08-03 16:55:20
Juan,ID,Android Phone,0,what the he,Rotten,view_video_info,title_results,2020-08-03 12:06:57
Juan,ID,Android Phone,0,what the he,,view_video_info,title_results,2020-08-03 12:06:47
Juan,ID,Android Phone,0,what the he,,view_video_info,title_results,2020-08-03 12:06:38
Juan,ID,Android Phone,0,what the he,,view_video_info,title_results,2020-08-03 12:06:28
Juan,ID,Android Phone,0,what the he,,view_video_info,title_results,2020-08-03 12:06:16
Juan,ID,Android Phone,0,what the he,,view_video_info,title_results,2020-08-03 12:06:04
Juan,ID,Android Phone,0,what the he,,view_video_info,title_results,2020-08-03 12:05:56
Juan,ID,Android Phone,0,what the he,What the Health,view_video_info,title_results,2020-08-03 12:05:47
Juan,ID,Android Phone,0,what the he,,view_video_info,title_results,2020-08-03 12:05:34
Juan,ID,Android Phone,0,what the he,The Game Changers,view_video_info,title_results,2020-08-03 12:05:27
Juan,ID,Android Phone,0,what the he,What the Health,view_video_info,title_results,2020-08-03 12:05:24
Juan,ID,Android Phone,0,yea,The Dictator,view_video_info,title_results,2020-07-31 18:47:48
Juan,ID,Android Phone,0,yea,,view_video_info,title_results,2020-07-31 18:47:32
Juan,ID,Android Phone,0,yea,Yes Man,view_video_info,title_results,2020-07-31 18:45:26
Juan,ID,Android Phone,0,tru,The Truman Show,view_video_info,title_results,2020-07-30 19:47:43
Juan,ID,Android Phone,0,the boy in the,Hikaru Utada Laughter in the Dark Tour 2018,play,video_info,2020-07-28 14:26:15
Juan,ID,Android Phone,0,the boy in the,Hikaru Utada Laughter in the Dark Tour 2018,view_video_info,title_results,2020-07-28 14:26:03
Juan,ID,Android Phone,0,ripp,The Package,play,video_info,2020-07-28 14:21:10
Juan,ID,Android Phone,0,ripp,The Package,view_video_info,title_results,2020-07-28 14:21:00
Juan,ID,Android Phone,0,memento,,view_video_info,title_results,2020-07-27 19:58:16
Juan,ID,Android Phone,0,memento,,view_video_info,title_results,2020-07-27 19:58:04
Juan,ID,Android Phone,0,memento,MILF,view_video_info,title_results,2020-07-27 19:57:58
Juan,ID,Android Phone,0,memento,Flight,view_video_info,title_results,2020-07-27 19:57:52
Juan,ID,Android Phone,0,memento,The Revenant,view_video_info,title_results,2020-07-27 19:57:38
Juan,ID,Android Phone,0,memento,Cast Away,view_video_info,title_results,2020-07-27 19:57:27
Juan,ID,Android Phone,0,memento,The Great Gatsby,view_video_info,title_results,2020-07-27 19:57:25
Juan,ID,Android Phone,0,memento,12 Monkeys,view_video_info,title_results,2020-07-27 19:57:11
Juan,ID,Android Phone,0,memento,Django Unchained,view_video_info,title_results,2020-07-27 19:57:09
Juan,ID,Android Phone,0,memento,Gone Girl,view_video_info,title_results,2020-07-27 19:56:59
Juan,ID,Android Phone,0,memento,Catch Me If You Can,view_video_info,title_results,2020-07-27 19:56:53
Juan,ID,Android Phone,0,memento,Dunkirk,view_video_info,title_results,2020-07-27 19:56:51
Juan,ID,Android Phone,0,memento,Inception,view_video_info,title_results,2020-07-27 19:56:45
Juan,ID,Android Phone,0,memento,The Big Short,view_video_info,title_results,2020-07-27 19:56:25
Juan,ID,Android Phone,0,memento,The Truman Show,view_video_info,title_results,2020-07-27 19:56:11
Juan,ID,Android Phone,0,memento,Birdman or (The Unexpected Virtue of Ignorance),view_video_info,title_results,2020-07-27 19:56:02
Juan,ID,Android Phone,0,memento,The Usual Suspects,view_video_info,title_results,2020-07-27 19:55:46
Juan,ID,Android Phone,0,memento,Dunkirk,view_video_info,title_results,2020-07-27 19:55:40
Juan,ID,Android Phone,0,american pie,American Pie Presents: The Book of Love,play,video_info,2020-07-22 16:39:04
Juan,ID,Android Phone,0,american pie,American Pie Presents: The Book of Love,view_video_info,title_results,2020-07-22 16:39:00
Juan,ID,Android Phone,0,chill,Daybreak,view_video_info,title_results,2020-07-21 11:37:42
Juan,ID,Android Phone,0,chill,Dare Me,view_video_info,title_results,2020-07-21 11:37:36
Juan,ID,Android Phone,0,chill,Carrie,view_video_info,title_results,2020-07-21 11:37:21
Juan,ID,Android Phone,0,chill,Ragnarok,view_video_info,title_results,2020-07-21 11:37:10
Juan,ID,Android Phone,0,chill,Lost in Space,view_video_info,title_results,2020-07-21 11:36:52
Juan,ID,Android Phone,0,chill,American Horror Story,view_video_info,title_results,2020-07-21 11:36:36
Juan,ID,Android Phone,0,chill,Titans,view_video_info,title_results,2020-07-21 11:36:32
Juan,ID,Android Phone,0,chill,The Society,view_video_info,title_results,2020-07-21 11:36:19
Juan,ID,Android Phone,0,chill,Never Have I Ever,view_video_info,title_results,2020-07-21 11:36:06
Juan,ID,Android Phone,0,chill,October Faction,view_video_info,title_results,2020-07-21 11:18:28
Juan,ID,Android Phone,0,chill,Shadowhunters: The Mortal Instruments,view_video_info,title_results,2020-07-21 11:18:18
Juan,ID,Android Phone,0,chill,You,view_video_info,title_results,2020-07-21 11:18:15
Juan,ID,Android Phone,0,chill,Lucifer,view_video_info,title_results,2020-07-21 11:18:07
Juan,ID,Android Phone,0,chill,Chilling Adventures of Sabrina,view_video_info,title_results,2020-07-21 10:52:13
Juan,ID,Android Phone,0,vagab,Vagabond,play,video_info,2020-07-16 04:11:02
Juan,ID,Android Phone,0,vagab,Vagabond,view_video_info,title_results,2020-07-16 04:10:37
Juan,ID,Android Phone,0,sword,Is It Wrong to Try to Pick Up Girls in a Dungeon?,view_video_info,title_results,2020-07-16 03:01:19
Juan,ID,Android Phone,0,sword,Ultramarine Magmell,view_video_info,title_results,2020-07-16 03:01:09
Juan,ID,Android Phone,0,sword,Sword Art Online Alternative: Gun Gale Online,view_video_info,title_results,2020-07-16 03:00:43
Juan,ID,Android Phone,0,sword,Sword Art Online,view_video_info,title_results,2020-07-16 03:00:32
Juan,ID,Android Phone,0,,Money Heist,play,video_info,2020-07-15 12:50:46
Juan,ID,Android Phone,0,,Money Heist,view_video_info,popularSearches,2020-07-15 12:50:45
Juan,ID,Android Phone,0,jo ko,"Gabriel ""Fluffy"" Iglesias: One Show Fits All",play,video_info,2020-07-15 06:20:12
Juan,ID,Android Phone,0,jo ko,"Gabriel ""Fluffy"" Iglesias: One Show Fits All",view_video_info,title_results,2020-07-15 06:16:26
Juan,ID,Android Phone,0,jo ko,Jo Koy: Comin' In Hot,play,video_info,2020-07-15 05:30:06
Juan,ID,Android Phone,0,jo ko,Jo Koy: Comin' In Hot,view_video_info,title_results,2020-07-15 05:30:04
Juan,ID,Android Phone,0,my,Mystic Pop-up Bar,view_video_info,title_results,2020-07-09 03:46:04
Juan,ID,HTML 5,0,after porn end,After Porn Ends 3,play,title_results,2020-07-06 22:26:15
Juan,ID,HTML 5,0,too ho,Too Hot to Handle,play,title_results,2020-07-06 21:47:25
Juan,ID,Android Phone,0,dinner mate,Mystic Pop-up Bar,view_video_info,title_results,2020-07-06 12:10:09
Juan,ID,Android Phone,0,dinner mate,Something in the Rain,view_video_info,title_results,2020-07-06 12:10:00
Juan,ID,Android Phone,0,dinner mate,When the Camellia Blooms,view_video_info,title_results,2020-07-06 12:09:48
Juan,ID,Android Phone,0,kaba,Kabaneri of the Iron Fortress: The Battle of Unato,play,video_info,2020-07-06 04:00:03
Juan,ID,Android Phone,0,kaba,Kabaneri of the Iron Fortress: The Battle of Unato,view_video_info,title_results,2020-07-06 03:59:47
Juan,ID,HTML 5,0,kaba,Kabaneri of the Iron Fortress,play,title_results,2020-07-06 01:36:53
Juan,ID,HTML 5,0,kaba,Kabaneri of the Iron Fortress,play,title_results,2020-07-05 23:30:05
Juan,ID,Android Phone,0,jo koy,,view_video_info,title_results,2020-06-29 23:58:01
Juan,ID,Android Phone,0,jo koy,,view_video_info,title_results,2020-06-29 23:57:38
Juan,ID,Android Phone,0,jo koy,,view_video_info,title_results,2020-06-29 23:57:17
Juan,ID,Android Phone,0,jo koy,Slaughterhouse Rulez,view_video_info,title_results,2020-06-29 23:57:03
Juan,ID,Android Phone,0,jo koy,Taylor Tomlinson: Quarter-Life Crisis,view_video_info,title_results,2020-06-29 23:56:48
Juan,ID,Android Phone,0,jo koy,Magic for Humans,view_video_info,title_results,2020-06-29 23:56:10
Juan,ID,Android Phone,0,jo koy,,play,video_info,2020-06-29 23:54:14
Juan,ID,Android Phone,0,jo koy,,view_video_info,title_results,2020-06-29 23:54:08
Juan,ID,Android Phone,0,jo koy,Jo Koy: Comin' In Hot,play,video_info,2020-06-29 23:53:51
Juan,ID,Android Phone,0,jo koy,Jo Koy: Comin' In Hot,view_video_info,title_results,2020-06-29 23:53:46
Juan,ID,Android Phone,0,joko,Jo Koy: Comin' In Hot,play,video_info,2020-06-28 10:21:29
Juan,ID,Android Phone,0,joko,Jo Koy: Comin' In Hot,view_video_info,title_results,2020-06-28 10:21:27
Juan,ID,Android Phone,0,joko,Jo Koy: In His Elements,play,video_info,2020-06-28 10:21:17
Juan,ID,Android Phone,0,joko,Jo Koy: In His Elements,view_video_info,title_results,2020-06-28 10:21:14
Juan,ID,Android Phone,0,a whis,A Whisker Away,view_video_info,title_results,2020-06-27 12:01:36
Juan,ID,Android Phone,0,kevin hart,Kevin Hart: Irresponsible,play,video_info,2020-06-22 02:52:09
Juan,ID,Android Phone,0,kevin hart,Kevin Hart: Irresponsible,view_video_info,title_results,2020-06-22 02:52:03
Juan,ID,Android Phone,0,kipo,Kipo and the Age of Wonderbeasts,view_video_info,title_results,2020-06-09 14:58:43
Juan,ID,Android Phone,0,whisker away,A Whisker Away,view_video_info,title_results,2020-06-07 07:34:28
Juan,ID,HTML 5,0,extracu,,play,video_info,2020-06-03 13:58:16
Juan,ID,HTML 5,0,extracu,,view_video_info,,2020-06-03 13:58:01
Juan,ID,HTML 5,0,sword art,Sword Art Online Alternative: Gun Gale Online,view_video_info,title_results,2020-05-30 15:35:25
Juan,ID,HTML 5,0,sword art,Sword Art Online the Movie: Ordinal Scale,view_video_info,title_results,2020-05-30 15:35:23
Juan,ID,HTML 5,0,sword art,Sword Art Online,view_video_info,title_results,2020-05-30 15:35:15
Juan,ID,HTML 5,0,bok,My Hero Academia,view_video_info,title_results,2020-05-30 08:05:02
Juan,ID,Android Phone,0,kenny,Kenny Sebastian: The Most Interesting Person in the Room,play,video_info,2020-05-29 12:39:40
Juan,ID,Android Phone,0,kenny,Kenny Sebastian: The Most Interesting Person in the Room,view_video_info,title_results,2020-05-29 12:39:37
Juan,ID,HTML 5,0,naked director,"Oh, Ramona!",view_video_info,title_results,2020-05-28 15:37:02
Juan,ID,HTML 5,0,naked director,The Naked Director,view_video_info,title_results,2020-05-28 15:36:54
Juan,ID,HTML 5,0,naked director,The Naked Director,play,title_results,2020-05-28 15:36:45
Juan,ID,Android Phone,0,,Hot Girls Wanted,play,video_info,2020-05-26 10:54:28
Juan,ID,Android Phone,0,,Hot Girls Wanted,view_video_info,popularSearches,2020-05-26 10:54:17
Juan,ID,Android Phone,0,,,view_video_info,popularSearches,2020-05-26 10:54:06
Juan,ID,Android Phone,0,,,view_video_info,popularSearches,2020-05-26 10:53:50
Juan,ID,Android Phone,0,,Hot Girls Wanted,view_video_info,popularSearches,2020-05-26 10:53:28
Juan,ID,Android Phone,0,dark,Dark,view_video_info,title_results,2020-05-23 08:35:41
Juan,ID,Android Phone,0,desi,Designated Survivor,view_video_info,title_results,2020-05-23 08:35:28
Juan,ID,Android Phone,0,kenny sebastian,Guilty,view_video_info,title_results,2020-05-20 11:12:54
Juan,ID,Android Phone,0,kenny,Kenny Sebastian: The Most Interesting Person in the Room,view_video_info,title_results,2020-05-20 11:12:27
Juan,ID,HTML 5,0,sky cas,SKY Castle,view_video_info,title_results,2020-05-19 09:05:01
Juan,ID,Android Phone,0,gu fa,Busted!,view_video_info,title_results,2020-05-11 00:02:16
Juan,ID,Android Phone,0,gu fa,Romance Is a Bonus Book,view_video_info,title_results,2020-05-11 00:02:07
Juan,ID,Android Phone,0,gu fa,W – Two Worlds Apart,view_video_info,title_results,2020-05-11 00:01:56
Juan,ID,Android Phone,0,gu fa,The Legend of the Blue Sea,view_video_info,title_results,2020-05-11 00:01:45
Juan,ID,Android Phone,0,gu fa,Descendants of the Sun,view_video_info,title_results,2020-05-11 00:01:37
Juan,ID,Android Phone,0,gu fa,"Kangchi, The Beginning",view_video_info,title_results,2020-05-11 00:01:21
Juan,ID,HTML 5,0,elite,Elite,view_video_info,title_results,2020-04-30 14:15:23
Juan,ID,HTML 5,0,your li,Your lie in April,play,title_results,2020-04-30 11:50:08
Juan,ID,HTML 5,0,my stupid,My Stupid Boss,play,title_results,2020-04-30 04:15:35
Juan,ID,HTML 5,0,memori,Vagabond,play,title_results,2020-04-29 09:37:21
Juan,ID,Android Phone,0,memorist,I'm not a robot,view_video_info,title_results,2020-04-26 00:06:34
Juan,ID,Android Phone,0,jo koy,Jo Koy: Comin' In Hot,play,video_info,2020-04-23 08:58:57
Juan,ID,Android Phone,0,jo koy,Jo Koy: Comin' In Hot,view_video_info,title_results,2020-04-23 08:58:50
Juan,ID,HTML 5,0,evange,Neon Genesis Evangelion,play,title_results,2020-04-13 08:44:33
Juan,ID,Android Phone,0,twilight,The Kissing Booth,view_video_info,title_results,2020-03-29 13:57:14
Juan,ID,Android Phone,0,twilight,Easy A,view_video_info,title_results,2020-03-29 13:56:47
Juan,ID,Android Phone,0,twilight,The Fault in Our Stars,view_video_info,title_results,2020-03-29 13:56:36
Juan,ID,Android Phone,0,twilight,Burlesque,view_video_info,title_results,2020-03-29 13:56:26
Juan,ID,Android Phone,0,we bare be,We Bare Bears,view_video_info,title_results,2020-03-28 15:54:10
Vina,ID,Android Phone,0,encounter,,play,suggestion_title_results,2021-07-30 13:45:51
Vina,ID,Android Phone,0,encounter,Vincenzo,view_video_info,suggestion_title_results,2021-07-30 13:45:45
Vina,ID,Android Phone,0,encounter,,play,suggestion_title_results,2021-07-30 13:45:27
Vina,ID,Android Phone,0,encounter,Tempted,view_video_info,suggestion_title_results,2021-07-30 13:45:24
Vina,ID,Android Phone,0,encounter,,play,suggestion_title_results,2021-07-30 13:45:10
Vina,ID,Android Phone,0,encounter,Cinderella and the Four Knights,view_video_info,suggestion_title_results,2021-07-30 13:44:59
Vina,ID,Android Phone,0,encounter,Secret Garden,view_video_info,suggestion_title_results,2021-07-30 13:44:45
Vina,ID,Android Phone,0,encounter,I'm not a robot,view_video_info,suggestion_title_results,2021-07-30 13:44:29
Vina,ID,Android Phone,0,encounter,,play,video_info,2021-07-30 13:43:57
Vina,ID,Android Phone,0,encounter,,play,suggestion_title_results,2021-07-30 13:43:38
Vina,ID,Android Phone,0,encounter,"That Winter, the Wind Blows",view_video_info,suggestion_title_results,2021-07-30 13:43:37
Vina,ID,Android Phone,0,encounter,,play,suggestion_title_results,2021-07-30 13:43:25
Vina,ID,Android Phone,0,encounter,"That Winter, the Wind Blows",view_video_info,suggestion_title_results,2021-07-30 13:43:21
Vina,ID,Android Phone,0,encounter,She was pretty,play,suggestion_title_results,2021-07-30 13:43:15
Vina,ID,Android Phone,0,encounter,,play,suggestion_title_results,2021-07-30 13:43:09
Vina,ID,Android Phone,0,encounter,She was pretty,view_video_info,suggestion_title_results,2021-07-30 13:43:06
Vina,ID,Android Phone,0,encounter,My ID is Gangnam Beauty,play,suggestion_title_results,2021-07-30 13:42:58
Vina,ID,Android Phone,0,encounter,,play,suggestion_title_results,2021-07-30 13:42:03
Vina,ID,Android Phone,0,encounter,My ID is Gangnam Beauty,view_video_info,suggestion_title_results,2021-07-30 13:42:02
Vina,ID,Android Phone,0,encounter,Oh My Ghost,view_video_info,suggestion_title_results,2021-07-30 13:41:39
Vina,ID,Android Phone,0,encounter,,play,suggestion_title_results,2021-07-30 13:41:16
Vina,ID,Android Phone,0,encounter,A Love So Beautiful,view_video_info,suggestion_title_results,2021-07-30 13:41:12
Vina,ID,Android Phone,0,encounter,Touch Your Heart,view_video_info,suggestion_title_results,2021-07-30 13:41:10
Vina,ID,Android Phone,0,encounter,Inheritors,view_video_info,suggestion_title_results,2021-07-30 13:40:46
Vina,ID,Android Phone,0,encounter,Her Private Life,view_video_info,suggestion_title_results,2021-07-30 13:40:20
Vina,ID,Android Phone,0,encounter,,play,suggestion_title_results,2021-07-30 13:40:14
Vina,ID,Android Phone,0,encounter,What's Wrong with Secretary Kim,view_video_info,suggestion_title_results,2021-07-30 13:40:13
Vina,ID,Android Phone,0,encounter,Her Private Life,view_video_info,suggestion_title_results,2021-07-30 13:40:02
Vina,ID,Android Phone,0,encounter,Love in the Moonlight,view_video_info,suggestion_title_results,2021-07-30 13:39:55
Vina,ID,Android Phone,0,encounter,Record of Youth,view_video_info,suggestion_title_results,2021-07-30 13:39:50
Vina,ID,iPad,0,em,Emily in Paris,play,video_info,2021-07-30 12:14:22
Vina,ID,iPad,0,em,Emily in Paris,play,video_info,2021-07-30 12:13:16
Vina,ID,iPad,0,em,Emily in Paris,view_video_info,title_results,2021-07-30 12:13:05
Vina,ID,Android Phone,0,love alarm,,play,suggestion_title_results,2021-07-27 02:29:58
Vina,ID,Android Phone,0,love alarm,Love Alarm,view_video_info,suggestion_title_results,2021-07-27 02:29:56
Vina,ID,Android Phone,0,love alarm,,play,suggestion_title_results,2021-07-27 02:29:32
Vina,ID,Android Phone,0,love alarm,Love Alarm,view_video_info,suggestion_title_results,2021-07-27 02:29:26
Vina,ID,Android Phone,0,busted,Busted!,play,suggestion_title_results,2021-07-27 01:40:15
Vina,ID,Android Phone,0,busted,Busted!,play,suggestion_title_results,2021-07-27 01:40:14
Vina,ID,Android Phone,0,busted,,play,suggestion_title_results,2021-07-27 01:39:19
Vina,ID,Android Phone,0,busted,Busted!,view_video_info,suggestion_title_results,2021-07-27 01:39:18
Vina,ID,Android Phone,0,bus,,play,suggestion_title_results,2021-07-27 01:05:29
Vina,ID,Android Phone,0,bus,Busted!,view_video_info,suggestion_title_results,2021-07-27 01:05:28
Vina,ID,Android Phone,0,busred,,view_video_info,popularSearches,2021-07-27 01:05:25
Vina,ID,iPad,0,e,,play,video_info,2021-07-25 10:25:07
Vina,ID,iPad,0,e,Emily in Paris,play,video_info,2021-07-25 09:31:48
Vina,ID,iPad,0,e,Emily in Paris,view_video_info,title_results,2021-07-25 09:31:47
Vina,ID,iPad,0,em,Emily in Paris,view_video_info,title_results,2021-07-24 04:14:25
Vina,ID,iPad,0,you are,You Are My Spring,view_video_info,title_results,2021-07-24 01:44:28
Vina,ID,Android Phone,0,sex,,play,suggestion_title_results,2021-07-16 15:26:30
Vina,ID,Android Phone,0,sex,Sex/Life,view_video_info,suggestion_title_results,2021-07-16 15:26:23
Vina,ID,Android Phone,0,elit,,play,suggestion_title_results,2021-07-06 14:30:29
Vina,ID,Android Phone,0,elit,Elite,view_video_info,suggestion_title_results,2021-07-06 14:30:28
Vina,ID,Android Phone,0,doctor,Dr. Romantic,view_video_info,suggestion_title_results,2021-07-06 14:27:51
Vina,ID,Android Phone,0,doctor,,play,suggestion_title_results,2021-07-06 14:27:28
Vina,ID,Android Phone,0,doctor,Dr. Romantic,view_video_info,suggestion_title_results,2021-07-06 14:27:25
Vina,ID,Android Phone,0,,,play,popularSearches,2021-06-24 02:55:33
Vina,ID,Android Phone,0,broken,,play,suggestion_title_results,2021-06-21 04:48:24
Vina,ID,Android Phone,0,broken,Broken,view_video_info,suggestion_title_results,2021-06-21 04:48:23
Vina,ID,Android Phone,0,broken,,play,suggestion_title_results,2021-06-21 04:46:55
Vina,ID,Android Phone,0,broken,Broken,view_video_info,suggestion_title_results,2021-06-21 04:46:51
Vina,ID,Android Phone,0,ali,,play,suggestion_title_results,2021-04-29 16:38:39
Vina,ID,Android Phone,0,ali,Ali,view_video_info,suggestion_title_results,2021-04-29 16:38:24
Vina,ID,Android Phone,0,jason l,,play,suggestion_title_results,2021-04-29 16:32:42
Vina,ID,Android Phone,0,jason l,Dr Jason Leong Hashtag Blessed,view_video_info,suggestion_title_results,2021-04-29 16:32:39
Vina,ID,Android Phone,0,gifted,Gifted,view_video_info,suggestion_title_results,2021-04-22 10:33:47
Vina,ID,iPad,0,love,,play,video_info,2021-04-20 13:52:08
Vina,ID,iPad,0,love,"Love, Death & Robots",play,video_info,2021-04-20 13:39:11
Vina,ID,iPad,0,love,"Love, Death & Robots",view_video_info,title_results,2021-04-20 13:39:03
Vina,ID,Android Phone,0,love,,play,suggestion_title_results,2021-04-20 12:42:41
Vina,ID,Android Phone,0,love,"Love, Death & Robots",view_video_info,suggestion_title_results,2021-04-20 12:42:34
Vina,ID,Android Phone,0,"love, ",,play,title_results,2021-04-20 03:57:19
Vina,ID,Android Phone,0,"love, ",,view_video_info,title_results,2021-04-20 03:57:13
Vina,ID,Android Phone,0,penthouse,Penthouse,view_video_info,title_results,2021-03-22 14:19:35
Vina,ID,Android Phone,0,busted,Busted!,view_video_info,title_results,2021-01-05 13:41:14
Vina,ID,Android Phone,0,cheese,Cheese in the Trap,view_video_info,title_results,2021-01-05 13:40:37
Vina,ID,Android Phone,0,sky ,Skyscraper,view_video_info,title_results,2020-12-28 09:20:22
Vina,ID,Android Phone,0,sky ,Jack Ryan: Shadow Recruit,view_video_info,title_results,2020-12-28 09:20:07
Vina,ID,Android Phone,0,sky ,Skyscraper,view_video_info,title_results,2020-12-28 09:19:37
Vina,ID,Android Phone,0,sky ,SKY Castle,view_video_info,title_results,2020-12-28 09:18:33
Vina,ID,Android Phone,0,don,Don't F**k with Cats: Hunting an Internet Killer,view_video_info,title_results,2020-12-28 01:01:01
Vina,ID,Android Phone,0,how,How to Train Your Dragon,view_video_info,title_results,2020-12-22 03:24:23
Vina,ID,Android Phone,0,,Start-Up,view_video_info,popularSearches,2020-12-22 01:23:20
Vina,ID,Android Phone,0,true,My ID is Gangnam Beauty,view_video_info,title_results,2020-12-22 01:22:19
Vina,ID,iPad,0,one,ONE PIECE,view_suggestion_info,suggestion_results,2020-11-14 12:41:27
Vina,ID,Android Phone,0,,The King: Eternal Monarch,view_video_info,popularSearches,2020-11-05 07:20:36
Vina,ID,Android Phone,0,,Tempted,view_video_info,popularSearches,2020-11-05 07:20:10
Vina,ID,Android Phone,0,,W – Two Worlds Apart,view_video_info,popularSearches,2020-11-05 07:19:59
Vina,ID,Android Phone,0,,Beauty Inside,view_video_info,popularSearches,2020-11-05 07:19:45
Vina,ID,Android Phone,0,,Weightlifting Fairy Kim Bok Joo,view_video_info,popularSearches,2020-11-05 07:19:38
Vina,ID,Android Phone,0,,Record of Youth,view_video_info,popularSearches,2020-10-20 05:09:59
Vina,ID,Android Phone,0,is l,Too Hot to Handle,view_video_info,title_results,2020-10-17 17:54:15
Vina,ID,Android Phone,0,is l,Floor Is Lava,view_video_info,title_results,2020-10-17 17:53:48
Vina,ID,Android Phone,0,do,Don't F**k with Cats: Hunting an Internet Killer,view_video_info,title_results,2020-10-17 17:51:29
Vina,ID,Android Phone,0,chi,The Trial of the Chicago 7,view_video_info,title_results,2020-10-17 17:49:31
Vina,ID,Android Phone,0,rep,Taylor Swift reputation Stadium Tour,view_video_info,title_results,2020-10-17 17:46:46
Vina,ID,Android Phone,0,mira,Miracle in Cell No. 7,view_video_info,title_results,2020-10-14 10:33:00
Vina,ID,Android Phone,0,love,Love,view_video_info,title_results,2020-10-11 15:19:24
Vina,ID,Android Phone,0,n,Naruto,view_video_info,title_results,2020-10-11 15:18:57
Vina,ID,Android Phone,0,litt,Little Women,view_video_info,title_results,2020-10-11 15:17:25
Vina,ID,Android Phone,0,bad,Bad Genius,view_video_info,title_results,2020-10-11 15:16:47
Vina,ID,Android Phone,0,the t,The Theory of Everything,view_video_info,title_results,2020-10-11 15:15:01
Vina,ID,Android Phone,0,pos,Posesif,view_video_info,title_results,2020-10-11 15:10:54
Vina,ID,Android Phone,0,im,I'm Thinking of Ending Things,view_video_info,title_results,2020-10-11 15:09:49
Vina,ID,iPad,0,the cra,The Crown,view_video_info,title_results,2020-10-11 14:43:27
Vina,ID,iPad,0,the rain,The Rain,view_video_info,title_results,2020-10-11 14:42:08
Vina,ID,iPad,0,hunting,The Hunting Season,view_suggestion_info,suggestion_results,2020-10-10 15:15:14
Vina,ID,iPad,0,hunting,The Haunting,view_video_info,title_results,2020-10-10 15:15:01
Vina,ID,iPad,0,hunting,The Haunting of Hill House,view_video_info,title_results,2020-10-10 15:14:47
Vina,ID,iPad,0,alive,#Alive,view_video_info,title_results,2020-10-08 11:45:59
Vina,ID,iPad,0,blackp,BLACKPINK: Light Up the Sky,play,video_info,2020-10-06 12:45:43
Vina,ID,iPad,0,blackp,BLACKPINK: Light Up the Sky,view_video_info,title_results,2020-10-06 12:45:34
Vina,ID,Android Phone,0,sosial,The Social Dilemma,play,video_info,2020-10-05 11:32:09
Vina,ID,Android Phone,0,sosial,The Social Dilemma,view_video_info,title_results,2020-10-05 11:32:03
Vina,ID,Android Phone,0,the,The School Nurse Files,view_video_info,title_results,2020-09-30 14:35:14
Vina,ID,Android Phone,0,game chan,The Game Changers,view_video_info,title_results,2020-09-30 14:34:14
Vina,ID,iPad,0,habbie ,Rudy Habibie,view_video_info,title_results,2020-08-18 04:06:07
Vina,ID,iPad,0,habbie ,Habibie & Ainun,view_video_info,title_results,2020-08-18 04:05:41
Vina,ID,iPad,0,,Money Heist,view_video_info,popularSearches,2020-08-18 04:04:29
Vina,ID,iPad,0,filosofi kopi,Filosofi Kopi 2: Ben & Jody,view_video_info,title_results,2020-08-18 04:02:44
Vina,ID,iPad,0,filosofi kopi,Filosofi Kopi,view_video_info,title_results,2020-08-18 04:02:26
Vina,ID,iPad,0,bumi,Bumi Manusia,view_video_info,title_results,2020-08-18 03:51:58
Vina,ID,Android Phone,0,trinity,Trinity Traveler,view_video_info,title_results,2020-08-10 07:54:40
Vina,ID,Android Phone,0,fl,The Flash,view_video_info,title_results,2020-08-06 14:48:56
Vina,ID,Android Phone,0,christopher,Inception,view_video_info,title_results,2020-08-06 07:07:20
Vina,ID,Android Phone,0,christopher,Dunkirk,view_video_info,title_results,2020-08-06 07:07:07
Vina,ID,Android Phone,0,memen,Marriage Story,view_video_info,title_results,2020-08-03 05:20:29
Vina,ID,Android Phone,0,naked,The Naked Director,play,video_info,2020-07-24 03:43:52
Vina,ID,Android Phone,0,naked,The Naked Director,view_video_info,title_results,2020-07-24 03:43:49
Vina,ID,iPad,0,hiller,Healer,view_video_info,title_results,2020-07-22 06:48:20
Vina,ID,Android Phone,0,nacked,The Naked Director,view_video_info,title_results,2020-07-22 04:25:39
Vina,ID,Android Phone,0,action,TV Action & Adventure,view_suggestion_info,suggestion_results,2020-07-20 09:33:22
Vina,ID,Android Phone,0,buste,Busted!,view_video_info,title_results,2020-07-19 02:48:43
Vina,ID,Android Phone,0,,Dark,play,video_info,2020-07-14 07:26:26
Vina,ID,Android Phone,0,,Dark,view_video_info,popularSearches,2020-07-14 07:26:08
Vina,ID,iPad,0,tune,Tune in for Love,view_video_info,title_results,2020-07-14 00:40:05
Vina,ID,Android Phone,0,,365 Days,view_video_info,popularSearches,2020-07-04 13:21:13
Vina,ID,Android Phone,0,the office (u.s),Sherlock,view_video_info,title_results,2020-07-03 06:43:59
Vina,ID,Android Phone,0,your name,My Neighbor Totoro,view_video_info,title_results,2020-07-01 03:37:23
Vina,ID,Android Phone,0,kimi no na wa,My Hero Academia,view_video_info,title_results,2020-06-30 12:09:04
Vina,ID,Android Phone,0,a whisk,A Whisker Away,view_video_info,title_results,2020-06-30 12:01:35
Vina,ID,Android Phone,0,running man,Love Alarm,view_video_info,title_results,2020-06-22 07:57:55
Vina,ID,Android Phone,0,revolut,,view_video_info,popularSearches,2020-06-16 04:08:21
Vina,ID,Android Phone,0,,Pandemic: How to Prevent an Outbreak,view_video_info,popularSearches,2020-05-28 14:17:43
Vina,ID,Android Phone,0,,Cuddle Weather,view_video_info,popularSearches,2020-05-28 14:17:11
Vina,ID,Android Phone,0,500 days of summer,He's Just Not That Into You,view_video_info,title_results,2020-05-28 14:16:46
Vina,ID,Android Phone,0,500 days of summer,Lady Bird,view_video_info,title_results,2020-05-28 14:16:20
Vina,ID,Android Phone,0,500 days of summer,(500) Days of Summer,view_video_info,title_results,2020-05-28 14:16:01
Vina,ID,Android Phone,0,lala land,The Great Gatsby,view_video_info,title_results,2020-05-28 14:15:47
Vina,ID,Android Phone,0,lala land,Easy A,view_video_info,title_results,2020-05-28 14:15:11
Vina,ID,Android Phone,0,miss americana,Love Is Blind,view_video_info,title_results,2020-05-28 14:14:13
Vina,ID,Android Phone,0,miss americana,Miss Americana,view_video_info,title_results,2020-05-28 14:13:48
Vina,ID,Android Phone,0,one piece,One Piece,view_video_info,title_results,2020-05-22 15:59:50
Vina,ID,Android Phone,0,midway,Battle: Los Angeles,view_video_info,title_results,2020-05-20 12:43:59
Vina,ID,Android Phone,0,midway,Extraction,view_video_info,title_results,2020-05-20 12:43:30
Vina,ID,Android Phone,0,midway,Greatest Events of WWII in Colour,view_video_info,title_results,2020-05-20 12:43:05
Vina,ID,Android Phone,0,midway,Operation Finale,view_video_info,title_results,2020-05-20 12:43:02
Vina,ID,Android Phone,0,silencer,,view_video_info,suggestion_title_results,2020-05-20 12:41:19
Vina,ID,Android Phone,0,silencer,Silencer,view_suggestion_info,suggestion_results,2020-05-20 12:41:10
Vina,ID,Android Phone,0,silencer,,view_video_info,popularSearches,2020-05-20 12:40:14
Vina,ID,Android Phone,0,silincer,American Sniper,view_video_info,title_results,2020-05-20 12:37:43
Vina,ID,Android Phone,0,your lie in april,Food Wars!: Shokugeki no Soma,view_video_info,title_results,2020-05-05 13:05:47
Vina,ID,Android Phone,0,your lie in april,Food Wars!: Shokugeki no Soma,view_video_info,title_results,2020-05-05 09:13:30
Vina,ID,Android Phone,0,your lie in april,Your lie in April,view_video_info,title_results,2020-05-05 09:13:09
Vina,ID,Android Phone,0,your lie in april,Food Wars!: Shokugeki no Soma,view_video_info,title_results,2020-05-05 09:12:49
Vina,ID,Android Phone,0,holly,Hollywood,play,video_info,2020-05-02 06:37:07
Vina,ID,Android Phone,0,holly,Hollywood,view_video_info,title_results,2020-05-02 06:37:06
Vina,ID,Android Phone,0,holly,Too Hot to Handle,view_video_info,title_results,2020-05-02 06:36:16
Vina,ID,Android Phone,0,holly,Hollywood,view_video_info,title_results,2020-05-02 06:35:51
Vina,ID,Android Phone,0,holly,Once Upon a Time in Hollywood,view_video_info,title_results,2020-05-02 06:34:44
Vina,ID,Android Phone,0,holly,Hollywood,view_video_info,title_results,2020-05-02 06:33:56
Vina,SG,HTML 5,0,hotel del luna,Hotel Del Luna,play,video_info,2020-03-29 06:43:57
Vina,SG,HTML 5,0,hotel del luna,Hotel Del Luna,view_video_info,title_results,2020-03-29 06:43:55
Vina,ID,Android Phone,0,hotel,Hotel Del Luna,view_video_info,title_results,2020-03-25 11:13:26
Vina,ID,Android Phone,0,,Riverdale,view_video_info,popularSearches,2020-03-25 11:11:09
Vina,ID,Android Phone,0,,Descendants of the Sun,view_video_info,popularSearches,2020-03-25 11:11:05
Vina,ID,Android Phone,0,,Elite,view_video_info,popularSearches,2020-03-25 11:10:33
Vina,ID,Android Phone,0,,Black Mirror,view_video_info,popularSearches,2020-03-24 10:28:13
Vina,ID,Android Phone,0,run,Running Man,view_suggestion_info,suggestion_results,2020-03-24 10:27:32
Vina,ID,Android Phone,0,i'm ,Locke & Key,view_video_info,title_results,2020-03-24 07:14:42
Vina,ID,Android Phone,0,i'm ,I Am Not Okay With This,view_video_info,title_results,2020-03-24 07:13:01
Vina,ID,Android Phone,0,breaking,When They See Us,view_video_info,title_results,2020-03-24 07:12:19
Vina,ID,Android Phone,0,breaking,Sherlock,view_video_info,title_results,2020-03-24 07:10:07
Vina,ID,Android Phone,0,breaking,Breaking Bad,play,video_info,2020-03-24 07:09:49
Vina,ID,Android Phone,0,breaking,Breaking Bad,view_video_info,title_results,2020-03-24 07:07:41
Vina,ID,Android Phone,0,mr robot,Ragnarok,view_video_info,title_results,2020-03-24 06:57:19
Vina,ID,Android Phone,0,mr robot,BoJack Horseman,view_video_info,suggestion_title_results,2020-03-24 06:55:28
Vina,ID,Android Phone,0,mr robot,Mr. Robot,view_suggestion_info,suggestion_results,2020-03-24 06:55:17
Vina,ID,Android Phone,0,chernobyl,Chernobyl,view_suggestion_info,suggestion_results,2020-03-24 06:54:34
Vina,ID,Android Phone,0,,Once Upon a Time in Hollywood,play,video_info,2020-03-24 06:48:49
Vina,ID,Android Phone,0,,Once Upon a Time in Hollywood,view_video_info,popularSearches,2020-03-24 06:48:38
Sarah,ID,HTML 5,0,gunpo,Gunpowder Milkshake,view_suggestion_info,suggestion_results,2021-07-15 20:54:20
Sarah,ID,HTML 5,0,brother ,Brother Of The Year,view_suggestion_info,suggestion_results,2021-05-13 14:03:09
Sarah,ID,HTML 5,0,git,Girl from Nowhere,play,title_results,2021-05-03 06:28:16
Sarah,ID,HTML 5,0,git,Girl from Nowhere,play,title_results,2021-05-03 03:30:08
Sarah,ID,HTML 5,0,mel,Generasi 90an: Melankolia,play,title_results,2021-03-17 11:22:33
Sarah,ID,HTML 5,0,i lo,I Lost My Body,play,title_results,2021-03-01 16:12:49
Sarah,ID,HTML 5,0,i lo,I Lost My Body,play,title_results,2021-03-01 16:06:35
Sarah,ID,HTML 5,0,nowhere,Nowhere Boy,view_suggestion_info,suggestion_results,2021-03-01 00:11:30
Sarah,ID,HTML 5,0,sing,Sing Street,view_suggestion_info,suggestion_results,2021-01-28 03:00:46
Sarah,ID,HTML 5,0,fresh,The Fresh Prince of Bel-Air,view_suggestion_info,suggestion_results,2021-01-21 06:00:39
Sarah,ID,HTML 5,0,her blue sk,,play,title_results,2021-01-18 23:17:26
Sarah,ID,HTML 5,0,the age,The Age of Adaline,view_suggestion_info,suggestion_results,2021-01-15 17:44:26
Sarah,ID,HTML 5,0,zero,Zero Dark Thirty,view_suggestion_info,suggestion_results,2021-01-14 03:37:46
Sarah,ID,HTML 5,0,the hun,The Hunger Games,view_suggestion_info,suggestion_results,2021-01-11 19:52:34
Sarah,ID,HTML 5,0,legally b,Legally Blonde,view_suggestion_info,suggestion_results,2021-01-09 22:16:17
Sarah,ID,HTML 5,0,far fr,Spider-Man: Far from Home,view_suggestion_info,suggestion_results,2021-01-04 14:04:11
Sarah,ID,HTML 5,0,ocean,Ocean's 8,play,title_results,2020-12-24 19:01:10
Sarah,ID,HTML 5,0,dreamg,Dreamgirls,view_suggestion_info,suggestion_results,2020-12-17 15:06:01
Sarah,ID,HTML 5,0,dreamg,Dreamgirls,view_suggestion_info,suggestion_results,2020-12-17 15:06:01
Sarah,ID,HTML 5,0,freaks & ,Freaks and Geeks,view_suggestion_info,suggestion_results,2020-12-11 07:45:05
Sarah,ID,HTML 5,0,freaks & ,Freaks and Geeks,view_suggestion_info,suggestion_results,2020-12-11 07:45:05
Sarah,ID,HTML 5,0,bad times,Bad Times at the El Royale,view_suggestion_info,suggestion_results,2020-11-24 14:29:45
