Transaction Date,Service Period Start Date,Service Period End Date,Description,Payment Type,Mop Last 4,Mop Creation Date,Mop Pmt Processor Desc,Item Price Amt,Currency,Tax Amt,Gross Sale Amt,Pmt Txn Type,Pmt Status,Final Invoice Result,Country,Next Billing Date
2021-07-27,2021-07-24,2021-08-23,SUBSCRIPTION,VISA,9140,,ADYEN,186000.0,IDR,16909.09,186000.0,SALE,NEW,RECOVERY,ID,2021-08-24
2021-07-27,2021-07-24,2021-08-23,SUBSCRIPTION,VISA,9140,,ADYEN,186000.0,IDR,16909.09,186000.0,SALE,APPROVED,RECOVERY,ID,2021-08-24
2021-07-27,2021-07-24,2021-08-23,SUBSCRIPTION,VISA,9140,,ADYEN,186000.0,IDR,16909.09,186000.0,SALE,DECLINED,RECOVERY,ID,2021-08-24
2021-07-27,,,payment_transaction,CC,9140,,,,IDR,,186000.0,SALE,APPROVED,,ID,
2021-07-27,,,payment_transaction,CC,9140,,,,IDR,,186000.0,SALE,DECLINED,,ID,
2021-07-23,2021-07-24,2021-08-23,SUBSCRIPTION,VISA,9140,,CHECKOUT,186000.0,IDR,16909.09,186000.0,SALE,NEW,REVERSAL,ID,2021-08-24
2021-07-23,2021-07-24,2021-08-23,SUBSCRIPTION,VISA,9140,,CHECKOUT,186000.0,IDR,16909.09,186000.0,SALE,APPROVED,REVERSAL,ID,2021-08-24
2021-07-23,,,payment_transaction,CC,9140,,,,IDR,,186000.0,SALE,DECLINED,,ID,
2021-07-23,2021-07-24,2021-08-23,SUBSCRIPTION,VISA,9140,,CHECKOUT,186000.0,IDR,16909.09,186000.0,SALE,DECLINED,REVERSAL,ID,2021-08-24
2021-07-23,,,payment_transaction,CC,9140,,,,IDR,,186000.0,SALE,NEW,,ID,
2021-06-24,2021-06-24,2021-07-23,SUBSCRIPTION,VISA,9140,,ADYEN,186000.0,IDR,16909.09,186000.0,SALE,APPROVED,RECOVERY,ID,2021-07-24
2021-06-24,,,payment_transaction,CC,9140,,,,IDR,,186000.0,SALE,APPROVED,,ID,
2021-06-24,2021-06-24,2021-07-23,SUBSCRIPTION,VISA,9140,,ADYEN,186000.0,IDR,16909.09,186000.0,SALE,DECLINED,RECOVERY,ID,2021-07-24
2021-06-24,2021-06-24,2021-07-23,SUBSCRIPTION,VISA,9140,,ADYEN,186000.0,IDR,16909.09,186000.0,SALE,NEW,RECOVERY,ID,2021-07-24
2021-06-23,2021-06-24,2021-07-23,SUBSCRIPTION,VISA,9140,,CHECKOUT,186000.0,IDR,16909.09,186000.0,SALE,NEW,REVERSAL,ID,2021-07-24
2021-06-23,2021-06-24,2021-07-23,SUBSCRIPTION,VISA,9140,,CHECKOUT,186000.0,IDR,16909.09,186000.0,SALE,DECLINED,REVERSAL,ID,2021-07-24
2021-06-23,,,payment_transaction,CC,9140,,,,IDR,,186000.0,SALE,DECLINED,,ID,
2021-06-23,2021-06-24,2021-07-23,SUBSCRIPTION,VISA,9140,,CHECKOUT,186000.0,IDR,16909.09,186000.0,SALE,APPROVED,REVERSAL,ID,2021-07-24
2021-06-23,,,payment_transaction,CC,9140,,,,IDR,,186000.0,SALE,NEW,,ID,
2021-05-26,,,payment_transaction,CC,9140,,,,IDR,,186000.0,SALE,APPROVED,,ID,
2021-05-26,2021-05-24,2021-06-23,SUBSCRIPTION,VISA,9140,,ADYEN,186000.0,IDR,16909.09,186000.0,SALE,DECLINED,RECOVERY,ID,2021-06-24
2021-05-26,2021-05-24,2021-06-23,SUBSCRIPTION,VISA,9140,,ADYEN,186000.0,IDR,16909.09,186000.0,SALE,APPROVED,RECOVERY,ID,2021-06-24
2021-05-26,2021-05-24,2021-06-23,SUBSCRIPTION,VISA,9140,,ADYEN,186000.0,IDR,16909.09,186000.0,SALE,NEW,RECOVERY,ID,2021-06-24
2021-05-26,,,payment_transaction,CC,9140,,,,IDR,,1.0,VALIDATE,APPROVED,,ID,
2021-05-23,2021-05-24,2021-06-23,SUBSCRIPTION,VISA,9140,,ADYEN,186000.0,IDR,16909.09,186000.0,SALE,APPROVED,REVERSAL,ID,2021-06-24
2021-05-23,2021-05-24,2021-06-23,SUBSCRIPTION,VISA,9140,,ADYEN,186000.0,IDR,16909.09,186000.0,SALE,DECLINED,REVERSAL,ID,2021-06-24
2021-05-23,2021-05-24,2021-06-23,SUBSCRIPTION,VISA,9140,,ADYEN,186000.0,IDR,16909.09,186000.0,SALE,NEW,REVERSAL,ID,2021-06-24
2021-05-23,,,payment_transaction,CC,9140,,,,IDR,,186000.0,SALE,DECLINED,,ID,
2021-05-23,,,payment_transaction,CC,9140,,,,IDR,,186000.0,SALE,NEW,,ID,
2021-04-23,,,payment_transaction,CC,9140,,,,IDR,,186000.0,SALE,APPROVED,,ID,
2021-04-23,2021-04-24,2021-05-23,SUBSCRIPTION,VISA,9140,,ADYEN,186000.0,IDR,16909.09,186000.0,SALE,APPROVED,SETTLED,ID,2021-05-24
2021-03-26,,,payment_transaction,CC,9140,,,,IDR,,186000.0,SALE,APPROVED,,ID,
2021-03-26,2021-03-24,2021-04-23,SUBSCRIPTION,VISA,9140,,ADYEN,186000.0,IDR,16909.09,186000.0,SALE,APPROVED,RECOVERY,ID,2021-04-24
2021-03-26,2021-03-24,2021-04-23,SUBSCRIPTION,VISA,9140,,ADYEN,186000.0,IDR,16909.09,186000.0,SALE,DECLINED,RECOVERY,ID,2021-04-24
2021-03-25,,,payment_transaction,CC,9140,,,,IDR,,186000.0,SALE,DECLINED,,ID,
2021-03-23,2021-03-24,2021-04-23,SUBSCRIPTION,VISA,9140,,CHECKOUT,186000.0,IDR,16909.09,186000.0,SALE,APPROVED,REVERSAL,ID,2021-04-24
2021-03-23,2021-03-24,2021-04-23,SUBSCRIPTION,VISA,9140,,CHECKOUT,186000.0,IDR,16909.09,186000.0,SALE,DECLINED,REVERSAL,ID,2021-04-24
2021-03-23,,,payment_transaction,CC,9140,,,,IDR,,186000.0,SALE,DECLINED,,ID,
2021-02-23,,,payment_transaction,CC,9140,,,,IDR,,186000.0,SALE,APPROVED,,ID,
2021-02-23,2021-02-24,2021-03-23,SUBSCRIPTION,VISA,9140,,ADYEN,186000.0,IDR,16909.09,186000.0,SALE,APPROVED,SETTLED,ID,2021-03-24
2021-01-25,2021-01-24,2021-02-23,SUBSCRIPTION,VISA,9140,,ADYEN,186000.0,IDR,16909.09,186000.0,SALE,APPROVED,RECOVERY,ID,2021-02-24
2021-01-25,,,payment_transaction,CC,9140,,,,IDR,,186000.0,SALE,APPROVED,,ID,
2021-01-25,2021-01-24,2021-02-23,SUBSCRIPTION,VISA,9140,,ADYEN,186000.0,IDR,16909.09,186000.0,SALE,DECLINED,RECOVERY,ID,2021-02-24
2021-01-24,2021-01-24,2021-02-23,SUBSCRIPTION,VISA,9140,,CHECKOUT,186000.0,IDR,16909.09,186000.0,SALE,DECLINED,REVERSAL,ID,2021-02-24
2021-01-24,2021-01-24,2021-02-23,SUBSCRIPTION,VISA,9140,,CHECKOUT,186000.0,IDR,16909.09,186000.0,SALE,APPROVED,REVERSAL,ID,2021-02-24
2021-01-24,,,payment_transaction,CC,9140,,,,IDR,,186000.0,SALE,DECLINED,,ID,
2021-01-23,,,payment_transaction,CC,9140,,,,IDR,,186000.0,SALE,DECLINED,,ID,
2020-12-24,2020-12-24,2021-01-23,SUBSCRIPTION,VISA,9140,,PAYMENTECH,186000.0,IDR,16909.09,186000.0,SALE,APPROVED,RECOVERY,ID,2021-01-24
2020-12-24,,,payment_transaction,CC,9140,,,,IDR,,186000.0,SALE,APPROVED,,ID,
2020-12-24,,,payment_transaction,CC,9140,,,,IDR,,1.0,VALIDATE,APPROVED,,ID,
2020-12-24,2020-12-24,2021-01-23,SUBSCRIPTION,VISA,9140,,PAYMENTECH,186000.0,IDR,16909.09,186000.0,SALE,DECLINED,RECOVERY,ID,2021-01-24
2020-12-23,2020-12-24,2021-01-23,SUBSCRIPTION,VISA,9140,,PAYMENTECH,186000.0,IDR,16909.09,186000.0,SALE,DECLINED,REVERSAL,ID,2021-01-24
2020-12-23,,,payment_transaction,CC,9140,,,,IDR,,186000.0,SALE,DECLINED,,ID,
2020-12-23,2020-12-24,2021-01-23,SUBSCRIPTION,VISA,9140,,PAYMENTECH,186000.0,IDR,16909.09,186000.0,SALE,APPROVED,REVERSAL,ID,2021-01-24
2020-11-23,,,payment_transaction,CC,9140,,,,IDR,,186000.0,SALE,PENDING,,ID,
2020-11-23,2020-11-24,2020-12-23,SUBSCRIPTION,VISA,9140,,PAYMENTECH,186000.0,IDR,16909.09,186000.0,SALE,APPROVED,SETTLED,ID,2020-12-24
2020-11-23,2020-11-24,2020-12-23,SUBSCRIPTION,VISA,9140,,PAYMENTECH,186000.0,IDR,16909.09,186000.0,SALE,PENDING,SETTLED,ID,2020-12-24
2020-11-23,,,payment_transaction,CC,9140,,,,IDR,,186000.0,SALE,APPROVED,,ID,
2020-10-23,2020-10-24,2020-11-23,SUBSCRIPTION,VISA,9140,,ADYEN,153000.0,IDR,13909.09,153000.0,SALE,APPROVED,SETTLED,ID,2020-11-24
2020-10-23,,,payment_transaction,CC,9140,,,,IDR,,153000.0,SALE,APPROVED,,ID,
2020-09-25,2020-09-24,2020-10-23,SUBSCRIPTION,VISA,9140,,ADYEN,153000.0,IDR,13909.09,153000.0,CAPTURE,APPROVED,RECOVERY,ID,2020-10-24
2020-09-25,,,payment_transaction,CC,9140,,,,IDR,,153000.0,CAPTURE,APPROVED,,ID,
2020-09-25,,,payment_transaction,CC,9140,,,,IDR,,153000.0,SALE,DECLINED,,ID,
2020-09-25,2020-09-24,2020-10-23,SUBSCRIPTION,VISA,9140,,ADYEN,153000.0,IDR,13909.09,153000.0,CHARGE,APPROVED,RECOVERY,ID,2020-10-24
2020-09-25,,,payment_transaction,CC,9140,,,,IDR,,153000.0,CHARGE,APPROVED,,ID,
2020-09-23,2020-09-24,2020-10-23,SUBSCRIPTION,VISA,9140,,PAYMENTECH,153000.0,IDR,13909.09,153000.0,SALE,DECLINED,REVERSAL,ID,2020-10-24
2020-09-23,,,payment_transaction,CC,9140,,,,IDR,,153000.0,SALE,DECLINED,,ID,
2020-08-23,2020-08-24,2020-09-23,SUBSCRIPTION,VISA,9140,,ADYEN,139000.0,IDR,12636.36,139000.0,SALE,APPROVED,SETTLED,ID,2020-09-24
2020-08-23,,,payment_transaction,CC,9140,,,,IDR,,139000.0,SALE,APPROVED,,ID,
2020-07-23,2020-07-24,2020-08-23,SUBSCRIPTION,VISA,9140,,ADYEN,139000.0,IDR,0.0,139000.0,SALE,APPROVED,SETTLED,ID,2020-08-24
2020-07-23,,,payment_transaction,CC,9140,,,,IDR,,139000.0,SALE,APPROVED,,ID,
2020-06-23,,,payment_transaction,CC,9140,,,,IDR,,139000.0,SALE,APPROVED,,ID,
2020-06-23,2020-06-24,2020-07-23,SUBSCRIPTION,VISA,9140,,ADYEN,139000.0,IDR,0.0,139000.0,SALE,APPROVED,SETTLED,ID,2020-07-24
2020-05-24,,,payment_transaction,CC,9140,,,,IDR,,139000.0,CHARGE,APPROVED,,ID,
2020-05-24,2020-05-24,2020-06-23,SUBSCRIPTION,VISA,9140,,ADYEN,139000.0,IDR,0.0,139000.0,CAPTURE,APPROVED,RECOVERY,ID,2020-06-24
2020-05-24,,,payment_transaction,CC,9140,,,,IDR,,139000.0,CAPTURE,APPROVED,,ID,
2020-05-24,,,payment_transaction,CC,9140,,,,IDR,,1.0,VALIDATE,APPROVED,,ID,
2020-05-24,2020-05-24,2020-06-23,SUBSCRIPTION,VISA,9140,,ADYEN,139000.0,IDR,0.0,139000.0,CHARGE,APPROVED,RECOVERY,ID,2020-06-24
2020-05-23,,,payment_transaction,CC,9140,,,,IDR,,139000.0,SALE,DECLINED,,ID,
2020-05-23,2020-05-24,2020-06-23,SUBSCRIPTION,VISA,9140,,ADYEN,139000.0,IDR,0.0,139000.0,SALE,DECLINED,REVERSAL,ID,2020-06-24
2020-05-23,,,payment_transaction,CC,9140,,,,IDR,,139000.0,SALE,PENDING,,ID,
2020-05-23,2020-05-24,2020-06-23,SUBSCRIPTION,VISA,9140,,ADYEN,139000.0,IDR,0.0,139000.0,SALE,PENDING,REVERSAL,ID,2020-06-24
2020-04-23,,,payment_transaction,CC,9140,,,,IDR,,139000.0,SALE,APPROVED,,ID,
2020-04-23,2020-04-24,2020-05-23,SUBSCRIPTION,VISA,9140,,ADYEN,139000.0,IDR,0.0,139000.0,SALE,APPROVED,SETTLED,ID,2020-05-24
2020-03-24,,,payment_transaction,CC,9140,,,,IDR,,139000.0,CAPTURE,APPROVED,,ID,
2020-03-24,2020-03-24,2020-04-23,SUBSCRIPTION,VISA,9140,,PAYMENTECH,139000.0,IDR,0.0,139000.0,CAPTURE,APPROVED,SETTLED,ID,2020-04-24
2020-03-24,,,payment_transaction,CC,9140,,,,IDR,,139000.0,CHARGE,DECLINED,,ID,
2020-03-24,2020-03-24,2020-04-23,SUBSCRIPTION,VISA,9140,,PAYMENTECH,139000.0,IDR,0.0,139000.0,CHARGE,APPROVED,SETTLED,ID,2020-04-24
2020-03-24,,,payment_transaction,CC,9140,,,,IDR,,139000.0,CHARGE,APPROVED,,ID,
