Profile Name,Esn,Device Type,Acct First Playback Date,Acct Last Playback Date,Acct First Playback Date For User Generated Plays,Acct Last Playback Date For User Generated Plays,Profile First Playback Date,Profile Last Playback Date,Profile First Playback Date For User Generated Plays,Profile Last Playback Date For User Generated Plays,Deactivation Time
Juan,NFCDCH-AP-HEGZL5DGMPKKMWM5LEL4JL9TJFMDR4,Netflix Android Phone-Chrome Android Phone,,,,,,,,,
Juan,NFANDROID1-PRV-P-SAMSUSM-G780F-19970-0B823B794F324359F9EAE0BAB7B04D0A1A8E4187576DD63DC8209DA09C99847A7,DefaultWidevineAndroidPhone,2021-05-30T07:05:14.775Z,2021-08-04T12:24:29.666Z,2021-05-30T07:05:14.775Z,2021-08-04T12:24:29.666Z,2021-05-30T07:05:14.775Z,2021-08-04T12:24:29.666Z,2021-05-30T07:05:14.775Z,2021-08-04T12:24:29.666Z,
Vina,NFAPPL-01-IPAD7=5-86E2AC031F26201508432403818B258DE0F94F7114F77FE63B88FCB562FA5A6E,Apple iPad 6th Gen 9.7 (Wi-Fi) iPad,2020-07-28T03:07:52.420Z,2021-08-04T11:58:35.311Z,2020-07-28T03:07:52.420Z,2021-08-04T11:58:35.311Z,2020-07-28T03:07:52.420Z,2021-08-04T11:58:35.311Z,2020-07-28T03:07:52.420Z,2021-08-04T11:58:35.311Z,
Juan,NFAPPL-01-IPAD7=5-86E2AC031F26201508432403818B258DE0F94F7114F77FE63B88FCB562FA5A6E,Apple iPad 6th Gen 9.7 (Wi-Fi) iPad,2020-07-28T03:07:52.420Z,2021-08-04T11:58:35.311Z,2020-07-28T03:07:52.420Z,2021-08-04T11:58:35.311Z,,,,,
Vina,NFANDROID1-PRV-P-SAMSUSM-G960F-7169-0B3019B3F23CFEDDA69B28119209C4FB917CC1A92BE59CD88CC69DA141F7F4A6C,DefaultWidevineAndroidPhone,2020-03-24T05:22:49.975Z,2021-08-01T07:16:02.715Z,2020-03-24T05:22:49.975Z,2021-08-01T07:16:02.715Z,2020-03-24T05:22:49.975Z,2021-08-01T07:16:02.715Z,2020-03-24T05:22:49.975Z,2021-08-01T07:16:02.715Z,
Juan,NFANDROID1-PRV-T-L3-HUAWEAGS3-W09-8158-0F75C027980C68C8FB340B189814ADA2913B69B2A99C2FEC07E703FD70A453DE3,Android DefaultWidevineL3Tablet Android Tablet,2020-10-26T16:22:36.922Z,2021-08-01T06:08:36.203Z,2020-10-26T16:22:36.922Z,2021-08-01T06:08:36.203Z,2020-10-26T16:22:36.922Z,2021-08-01T06:08:36.203Z,2020-10-26T16:22:36.922Z,2021-08-01T06:08:36.203Z,
Juan,NFANDROID1-PRV-P-ASUS=ASUS=X00TD-8194-0B9431C530FA206801B1310584FF69BD31A47E95D2C5C3B8711F3DCEFE06C4D76,DefaultWidevineAndroidPhone,2020-03-24T04:31:50.575Z,2021-07-29T17:14:02.496Z,2020-03-24T04:31:50.575Z,2021-07-29T17:14:02.496Z,2020-03-24T04:31:50.575Z,2021-07-29T17:14:02.496Z,2020-03-24T04:31:50.575Z,2021-07-29T17:14:02.496Z,
Sarah,NFCDSF-01-G2GZM6VNPVX51DKNW0J5D9P4YWTW5W,Safari MAC (Cadmium),2020-10-25T04:38:50.997Z,2021-07-23T14:35:48.689Z,2020-10-27T13:22:20.355Z,2021-07-13T12:22:48.420Z,2020-10-25T12:53:07.745Z,2021-07-23T14:35:48.689Z,2020-10-27T13:22:20.355Z,2021-07-13T12:22:48.420Z,
Juan,NFCDFF-02-H47EXT6U28VH06F3HD1JXQK74V5W0Y,Firefox PC (Cadmium),2021-03-06T17:15:01.876Z,2021-07-20T15:24:29.457Z,2021-03-12T16:59:55.421Z,2021-07-20T15:24:29.457Z,2021-03-06T17:15:01.876Z,2021-07-20T15:24:29.457Z,2021-03-12T16:59:55.421Z,2021-07-20T15:24:29.457Z,
Vina,NFANDROID1-PRV-P-ASUS=ASUS=X00TD-8194-0B9431C530FA206801B1310584FF69BD31A47E95D2C5C3B8711F3DCEFE06C4D76,DefaultWidevineAndroidPhone,2020-03-24T04:31:50.575Z,2021-07-29T17:14:02.496Z,2020-03-24T04:31:50.575Z,2021-07-29T17:14:02.496Z,,,,,
Juan,NFANDROID1-PRV-P-SAMSUSM-G960F-7169-0B3019B3F23CFEDDA69B28119209C4FB917CC1A92BE59CD88CC69DA141F7F4A6C,DefaultWidevineAndroidPhone,2020-03-24T05:22:49.975Z,2021-08-01T07:16:02.715Z,2020-03-24T05:22:49.975Z,2021-08-01T07:16:02.715Z,2021-07-16T17:52:26.162Z,2021-07-16T18:00:31.577Z,2021-07-16T17:52:26.162Z,2021-07-16T18:00:31.577Z,
Sarah,NFANDROID1-PRV-P-SAMSUSM-G770F-7176-06EEB6175DA3F3524E8155977E2104BA178BEE3D66EC914EF9BDD9C8C8E88E53E,DefaultWidevineAndroidPhone,2020-12-02T03:46:16.635Z,2021-06-04T17:40:20.904Z,2020-12-02T03:46:16.635Z,2021-06-04T17:40:20.904Z,2020-12-02T03:46:16.635Z,2021-06-04T17:40:20.904Z,2020-12-02T03:46:16.635Z,2021-06-04T17:40:20.904Z,
Juan,NFCDCH-AP-HAX0QZ32L6VH2UC4EV12FQ9HH4T4PF,Netflix Android Phone-Chrome Android Phone,,,,,,,,,
Juan,NFCDCH-AP-HAX0QFDE0GR5JMG2FEYG9VX2M74EXP,Netflix Android Phone-Chrome Android Phone,,,,,,,,,
Sarah,NFCDFF-02-H47EXT6U28VH06F3HD1JXQK74V5W0Y,Firefox PC (Cadmium),2021-03-06T17:15:01.876Z,2021-07-20T15:24:29.457Z,2021-03-12T16:59:55.421Z,2021-07-20T15:24:29.457Z,2021-04-09T16:15:38.051Z,2021-04-09T16:16:00.498Z,,,
Kids,NFCDSF-01-G2GZM6VNPVX51DKNW0J5D9P4YWTW5W,Safari MAC (Cadmium),2020-10-25T04:38:50.997Z,2021-07-23T14:35:48.689Z,2020-10-27T13:22:20.355Z,2021-07-13T12:22:48.420Z,,,,,
Juan,NFCDCH-02-GZHMLQGLVQHEV2H09KWMLJLA3WC9M8,Chrome PC (Cadmium),2021-01-08T12:39:53.319Z,2021-01-17T08:04:25.700Z,2021-01-08T12:40:11.606Z,2021-01-09T11:10:22.802Z,2021-01-08T12:39:53.319Z,2021-01-17T08:04:25.700Z,2021-01-08T12:40:11.606Z,2021-01-09T11:10:22.802Z,
Juan,NFCDCH-02-GM0E34ATVG6NLEK7JKEV2494L76XGV,Chrome PC (Cadmium),2020-08-21T20:54:28.113Z,2020-12-25T11:22:31.918Z,2020-08-21T20:54:28.113Z,2020-12-25T10:38:50.158Z,2020-08-21T20:54:28.113Z,2020-12-25T11:22:31.918Z,2020-08-21T20:54:28.113Z,2020-12-25T10:38:50.158Z,
Juan,NFCDCH-AP-GY81CLA2MRHWT4PVF259XJH1PVAHAL,Netflix Android Phone-Chrome Android Phone,,,,,,,,,
Sarah,NFANDROID1-PRV-P-ASUS=ASUS=X00TD-8194-0B9431C530FA206801B1310584FF69BD31A47E95D2C5C3B8711F3DCEFE06C4D76,DefaultWidevineAndroidPhone,2020-03-24T04:31:50.575Z,2021-07-29T17:14:02.496Z,2020-03-24T04:31:50.575Z,2021-07-29T17:14:02.496Z,,,,,
Juan,NFCDCH-AT-GTANPHYEW88CK1GEMVL7UQN5W0CVJ9,Netflix Android Tablet Chrome Android Tablet,,,,,,,,,
Juan,NFCDCH-02-GVJKK5RKR1MUGY4UM9HKLK7Q62FWQ2,Chrome PC (Cadmium),,,,,,,,,
Vina,NFANDROID1-PRV-P-L3-SAMSUSM-A510F-4445-0A795E251A7232E8FCDF22A4AC6366095EA2E46270A1BFD98C439527BCC93DE78,Android DefaultWidevineL3Phone Android Phone,2020-03-24T11:55:08.164Z,2020-11-16T13:24:12.794Z,2020-03-24T11:55:08.164Z,2020-11-16T13:24:12.794Z,2020-03-24T11:55:08.164Z,2020-11-16T13:24:12.794Z,2020-03-24T11:55:08.164Z,2020-11-16T13:24:12.794Z,
Juan,NFANDROID1-PRV-P-SAMSUSM-G770F-7176-06EEB6175DA3F3524E8155977E2104BA178BEE3D66EC914EF9BDD9C8C8E88E53E,DefaultWidevineAndroidPhone,2020-12-02T03:46:16.635Z,2021-06-04T17:40:20.904Z,2020-12-02T03:46:16.635Z,2021-06-04T17:40:20.904Z,,,,,
Kids,NFAPPL-01-IPAD7=5-86E2AC031F26201508432403818B258DE0F94F7114F77FE63B88FCB562FA5A6E,Apple iPad 6th Gen 9.7 (Wi-Fi) iPad,2020-07-28T03:07:52.420Z,2021-08-04T11:58:35.311Z,2020-07-28T03:07:52.420Z,2021-08-04T11:58:35.311Z,,,,,
Sarah,NFAPPL-01-IPAD7=5-86E2AC031F26201508432403818B258DE0F94F7114F77FE63B88FCB562FA5A6E,Apple iPad 6th Gen 9.7 (Wi-Fi) iPad,2020-07-28T03:07:52.420Z,2021-08-04T11:58:35.311Z,2020-07-28T03:07:52.420Z,2021-08-04T11:58:35.311Z,,,,,
Juan,WWW-BROWSE-GTV84NX2LAP1H7G5NL5E90YEC79R7T,Netflix WWW-BROWSER UNSUPPORTED BROWSER,,,,,,,,,
Juan,NFANDROID1-PRV-P-L3-SAMSUSM-A510F-4445-0A795E251A7232E8FCDF22A4AC6366095EA2E46270A1BFD98C439527BCC93DE78,Android DefaultWidevineL3Phone Android Phone,2020-03-24T11:55:08.164Z,2020-11-16T13:24:12.794Z,2020-03-24T11:55:08.164Z,2020-11-16T13:24:12.794Z,,,,,
Juan,NFCDCH-02-GTD6J8MR80K83MDK7HLFC88HUFPKQA,Chrome PC (Cadmium),2020-10-26T03:17:09.505Z,2020-10-26T06:33:25.958Z,2020-10-26T03:17:35.864Z,2020-10-26T06:33:25.958Z,,,,,
Juan,NFCDCH-02-GTAK4G8QP1289AHCCQT7CK4L534151,Chrome PC (Cadmium),,,,,,,,,
Juan,WWW-BROWSE-GTAKN39RRJAK9F42AEPN5NVAQXAY6U,Netflix WWW-BROWSER UNSUPPORTED BROWSER,,,,,,,,,
Juan,NFCDCH-02-GTAKDEWCAL1MGCFY97NWL0TCRAY4JN,Chrome PC (Cadmium),,,,,,,,,
Juan,NFCDCH-02-GTAK0VN55V0HC4PPJDKKENPN9CVPLC,Chrome PC (Cadmium),,,,,,,,,
Juan,NFCDCH-AT-GTAK4EP5NAJNTT6X8YXCNGT2W8CK68,Netflix Android Tablet Chrome Android Tablet,,,,,,,,,
Juan,NFCDCH-02-GTAK495F8D5C0GEVH5KH68DGHQCDMU,Chrome PC (Cadmium),,,,,,,,,
Juan,NFCDCH-AT-GTAK232D7YNC3QPJ9GPMWDAM556PKK,Netflix Android Tablet Chrome Android Tablet,,,,,,,,,
Juan,NFCDCH-AT-GTAJZC332AV2XJCC24ELR33PAQ4WEC,Netflix Android Tablet Chrome Android Tablet,,,,,,,,,
Juan,NFCDCH-02-GT9ZRYVX59FHLG1M2C5CLFW1RW39D3,Chrome PC (Cadmium),,,,,,,,,
Juan,NFCDSF-01-G2GZM6VNPVX51DKNW0J5D9P4YWTW5W,Safari MAC (Cadmium),2020-10-25T04:38:50.997Z,2021-07-23T14:35:48.689Z,2020-10-27T13:22:20.355Z,2021-07-13T12:22:48.420Z,2020-10-25T04:38:50.997Z,2020-10-25T04:38:50.997Z,,,
Vina,WWW-BROWSE-GT00UNPJJ837F08R4JNCANPVK1UY2E,Netflix WWW-BROWSER UNSUPPORTED BROWSER,,,,,,,,,
Juan,NFCDCH-02-GRQLZ0W0RDTQ19WDVE8RH6DGQJ8FA9,Chrome PC (Cadmium),,,,,,,,,
Juan,NFANDROID1-PRV-P-L3-SAMSUSM-G960F-8158-A4C06825FFDA5B5F4801B2CB60BA92A147599DB49E0B9D3352C17B1EA894E298,Android DefaultWidevineL3Phone Android Phone,,,,,,,,,
Juan,NFCDCH-AP-GRP61KE6Y0GH8NP6HTVWT0EC7TR06Y,Netflix Android Phone-Chrome Android Phone,,,,,,,,,
Juan,NFANDROID1-PRV-P-L3-ASUS=ASUS=X00TD-7283-2B7E7A2B563BDC6D51C1D769BC6DC74304E55086AC23F1CBDFD1144430E540F5,Android DefaultWidevineL3Phone Android Phone,,,,,,,,,
Juan,NFCDCH-LX-GR2MTDN7MUNU5KQQFAGNY5HDMAL8CD,Netflix Chrome Linux (Cadmium) HTML 5,,,,,,,,,
Juan,NFCDCH-02-G7LCD808WJ1FYJUUGE19P80T0UHE36,Chrome PC (Cadmium),2020-03-24T06:50:07.003Z,2020-08-14T12:35:42.056Z,2020-03-24T06:50:07.003Z,2020-08-14T12:35:42.056Z,2020-03-24T06:50:07.003Z,2020-08-14T12:35:42.056Z,2020-03-24T06:50:07.003Z,2020-08-14T12:35:42.056Z,
Vina,SSTV-MSL1-0000000000000007780400,Samsung CE 2019 Muse-L UHD TV Smart TV,2020-07-09T11:48:37.833Z,2020-08-12T06:50:10.771Z,2020-07-09T11:49:46.609Z,2020-08-12T06:50:10.771Z,2020-07-09T11:48:37.833Z,2020-08-12T06:50:10.771Z,2020-07-09T11:49:46.609Z,2020-08-12T06:50:10.771Z,
Vina,NFAPPL-01-IPAD7=5-D06709E880643CE45E53E1A2CCE6F49F43DB64FFC7A853C2A8A6073B3AD406CC,Apple iPad 6th Gen 9.7 (Wi-Fi) iPad,2020-04-17T08:58:23.912Z,2020-07-22T06:52:41.513Z,2020-04-17T08:58:23.912Z,2020-07-22T06:52:41.513Z,2020-04-17T08:58:23.912Z,2020-07-22T06:52:41.513Z,2020-04-17T08:58:23.912Z,2020-07-22T06:52:41.513Z,
Juan,NFAPPL-01-IPAD7=5-D06709E880643CE45E53E1A2CCE6F49F43DB64FFC7A853C2A8A6073B3AD406CC,Apple iPad 6th Gen 9.7 (Wi-Fi) iPad,2020-04-17T08:58:23.912Z,2020-07-22T06:52:41.513Z,2020-04-17T08:58:23.912Z,2020-07-22T06:52:41.513Z,2020-07-12T05:59:51.894Z,2020-07-12T05:59:51.894Z,2020-07-12T05:59:51.894Z,2020-07-12T05:59:51.894Z,
Vina,NFCDCH-02-GHADHGE2Y2LRDKQ56G8RWFERD3FLN8,Chrome PC (Cadmium),2020-07-08T02:41:28.310Z,2020-07-08T03:48:41.568Z,2020-07-08T02:47:37.803Z,2020-07-08T03:48:41.568Z,2020-07-08T02:41:28.310Z,2020-07-08T03:48:41.568Z,2020-07-08T02:47:37.803Z,2020-07-08T03:48:41.568Z,
Juan,NFCDCH-02-G7L1GHRELHUJ3V87HR26X7K4T0737J,Chrome PC (Cadmium),,,,,,,,,
Juan,NFCDFF-02-HHPQ10QKL551VWRPLK4DWWEL4E3W7P,Firefox PC (Cadmium),2021-08-05T03:42:10.194Z,2021-08-05T03:42:21.348Z,,,2021-08-05T03:42:10.194Z,2021-08-05T03:42:21.348Z,,,2021-08-05T03:42:26.000Z
Vina,NFCDCH-02-GTD6J8MR80K83MDK7HLFC88HUFPKQA,Chrome PC (Cadmium),2020-10-26T03:17:09.505Z,2020-10-26T06:33:25.958Z,2020-10-26T03:17:35.864Z,2020-10-26T06:33:25.958Z,2020-10-26T03:17:09.505Z,2020-10-26T06:33:25.958Z,2020-10-26T03:17:35.864Z,2020-10-26T06:33:25.958Z,2020-10-26T07:57:01.000Z
Juan,NFCDCH-AP-GRP5YQHGX77XDG5T6G871071YTCKQ3,Netflix Android Phone-Chrome Android Phone,,,,,,,,,2020-10-17T18:00:17.000Z
